Line#,Date,"Temperature (S-THB 20809180:20786262-1), *C, WeatherStation","RH (S-THB 20809180:20786262-2), %, WeatherStation","Dew Point (S-THB 20809180:20786262-3), *C, WeatherStation","Wind Speed (S-WCF 20809180:20794549-1), m/s, WeatherStation","Gust Speed (S-WCF 20809180:20794549-2), m/s, WeatherStation","Wind Direction (S-WCF 20809180:20794549-3), *, WeatherStation","Solar Radiation (S-LIB 20809180:20794937-1), W/m^2, WeatherStation"
1,12/01/24 00:00:00,8.79,79.90,5.52,0.7,1.7,15,1
2,12/01/24 00:30:00,8.47,80.30,5.28,0.7,1.7,45,1
3,12/01/24 01:00:00,8.34,81.50,5.37,1.0,2.0,45,1
4,12/01/24 01:30:00,8.54,82.50,5.74,1.0,2.0,44,1
5,12/01/24 02:00:00,8.49,82.80,5.75,0.7,2.0,44,1
6,12/01/24 02:30:00,8.02,83.10,5.33,0.7,1.7,44,1
7,12/01/24 03:00:00,8.07,83.80,5.50,0.7,1.7,44,1
8,12/01/24 03:30:00,8.37,84.40,5.90,1.3,1.7,44,1
9,12/01/24 04:00:00,8.12,84.70,5.71,0.3,1.7,42,1
10,12/01/24 04:30:00,7.97,85.00,5.61,1.0,1.7,44,2
11,12/01/24 05:00:00,8.22,85.40,5.92,0.7,1.7,44,33
12,12/01/24 05:30:00,9.34,85.00,6.95,0.7,2.0,42,121
13,12/01/24 06:00:00,10.42,84.10,7.86,0.7,2.3,51,183
14,12/01/24 06:30:00,12.36,82.90,9.55,0.3,2.0,53,258
15,12/01/24 07:00:00,13.69,80.30,10.37,0.7,2.0,53,333
16,12/01/24 07:30:00,16.13,76.50,12.01,0.3,2.3,52,399
17,12/01/24 08:00:00,18.10,68.30,12.19,0.0,1.7,51,457
18,12/01/24 08:30:00,17.18,63.10,10.11,1.0,2.7,313,498
19,12/01/24 09:00:00,18.37,58.40,10.08,1.0,2.3,302,522
20,12/01/24 09:30:00,18.18,55.00,9.01,0.7,2.3,258,536
21,12/01/24 10:00:00,18.22,54.00,8.78,0.7,2.7,230,529
22,12/01/24 10:30:00,18.89,52.20,8.89,0.7,2.3,299,506
23,12/01/24 11:00:00,19.25,52.10,9.20,0.7,3.0,84,479
24,12/01/24 11:30:00,19.77,51.40,9.48,1.0,3.3,90,202
25,12/01/24 12:00:00,19.37,51.80,9.22,1.0,3.0,70,84
26,12/01/24 12:30:00,20.32,50.20,9.63,0.7,3.0,98,311
27,12/01/24 13:00:00,19.91,51.10,9.52,1.0,2.3,77,247
28,12/01/24 13:30:00,19.03,53.90,9.50,1.7,3.3,62,149
29,12/01/24 14:00:00,18.53,55.70,9.53,1.0,3.0,67,69
30,12/01/24 14:30:00,17.15,59.50,9.22,1.0,3.3,83,6
31,12/01/24 15:00:00,16.32,62.00,9.04,0.3,2.0,83,1
32,12/01/24 15:30:00,15.60,64.20,8.88,0.3,1.3,80,1
33,12/01/24 16:00:00,15.10,67.50,9.15,0.3,2.0,101,1
34,12/01/24 16:30:00,14.05,68.90,8.44,0.7,1.7,164,1
35,12/01/24 17:00:00,13.74,69.00,8.17,0.0,0.0,145,1
36,12/01/24 17:30:00,13.50,69.30,8.00,0.0,0.0,145,1
37,12/01/24 18:00:00,13.28,69.40,7.81,0.0,0.0,145,1
38,12/01/24 18:30:00,13.21,69.50,7.77,0.0,0.0,143,1
39,12/01/24 19:00:00,12.17,70.30,6.94,0.0,0.0,143,1
40,12/01/24 19:30:00,11.76,71.20,6.73,0.3,1.0,143,1
41,12/01/24 20:00:00,11.42,73.10,6.78,0.3,1.7,81,1
42,12/01/24 20:30:00,11.44,74.70,7.12,0.7,1.7,67,1
43,12/01/24 21:00:00,11.66,76.60,7.70,1.3,2.3,29,1
44,12/01/24 21:30:00,10.83,77.50,7.07,0.3,1.3,29,1
45,12/01/24 22:00:00,10.59,78.20,6.96,0.0,0.0,29,1
46,12/01/24 22:30:00,10.39,78.70,6.86,0.0,0.0,29,1
47,12/01/24 23:00:00,10.30,79.60,6.94,0.0,0.0,29,1
48,12/01/24 23:30:00,10.08,80.90,6.96,0.7,2.0,28,1
49,12/02/24 00:00:00,10.54,82.00,7.61,0.7,2.3,29,1
50,12/02/24 00:30:00,10.27,82.60,7.45,1.0,1.7,32,1
51,12/02/24 01:00:00,10.17,83.10,7.44,1.3,2.0,38,1
52,12/02/24 01:30:00,9.53,83.50,6.89,0.3,1.3,41,1
53,12/02/24 02:00:00,9.31,84.10,6.77,0.0,1.0,41,1
54,12/02/24 02:30:00,8.92,84.30,6.42,0.0,1.0,41,1
55,12/02/24 03:00:00,8.82,84.80,6.41,0.3,2.0,41,1
56,12/02/24 03:30:00,8.74,85.10,6.39,0.0,1.0,41,1
57,12/02/24 04:00:00,8.79,85.50,6.50,0.3,2.0,42,1
58,12/02/24 04:30:00,8.64,85.80,6.41,0.7,1.7,41,4
59,12/02/24 05:00:00,9.21,85.90,6.99,0.0,0.0,41,43
60,12/02/24 05:30:00,10.00,85.70,7.73,0.0,1.3,80,101
61,12/02/24 06:00:00,11.66,85.40,9.31,0.3,1.3,84,168
62,12/02/24 06:30:00,12.44,85.30,10.05,0.0,1.3,98,161
63,12/02/24 07:00:00,14.86,83.40,12.09,0.0,1.3,132,179
64,12/02/24 07:30:00,15.15,83.40,12.37,0.0,0.0,132,508
65,12/02/24 08:00:00,17.25,79.70,13.73,0.0,1.3,173,459
66,12/02/24 08:30:00,17.58,75.80,13.28,0.3,1.7,177,223
67,12/02/24 09:00:00,18.98,71.90,13.82,0.3,1.7,213,527
68,12/02/24 09:30:00,20.82,67.30,14.55,0.3,2.3,319,542
69,12/02/24 10:00:00,21.46,60.30,13.47,0.7,3.0,24,702
70,12/02/24 10:30:00,20.48,53.50,10.74,1.0,4.0,60,283
71,12/02/24 11:00:00,20.29,50.30,9.64,1.3,3.0,11,359
72,12/02/24 11:30:00,19.56,53.40,9.85,1.0,3.3,38,98
73,12/02/24 12:00:00,19.79,57.50,11.18,1.0,3.0,76,107
74,12/02/24 12:30:00,19.53,58.90,11.30,0.7,2.3,114,123
75,12/02/24 13:00:00,18.98,60.30,11.14,0.7,3.0,93,67
76,12/02/24 13:30:00,18.37,65.60,11.83,1.7,3.3,118,48
77,12/02/24 14:00:00,18.39,66.40,12.03,0.3,2.0,110,78
78,12/02/24 14:30:00,17.99,66.70,11.72,0.7,2.0,107,4
79,12/02/24 15:00:00,17.42,67.70,11.40,0.0,1.3,102,1
80,12/02/24 15:30:00,16.94,68.40,11.10,0.3,1.7,124,1
81,12/02/24 16:00:00,16.39,69.50,10.82,0.0,1.0,93,1
82,12/02/24 16:30:00,15.72,70.60,10.41,0.0,0.0,73,1
83,12/02/24 17:00:00,15.41,71.90,10.39,0.3,2.0,72,1
84,12/02/24 17:30:00,15.06,74.10,10.49,1.0,2.0,39,1
85,12/02/24 18:00:00,14.53,74.90,10.15,0.3,1.3,24,1
86,12/02/24 18:30:00,14.03,75.90,9.86,0.0,0.0,24,1
87,12/02/24 19:00:00,13.59,77.10,9.67,0.3,2.0,25,1
88,12/02/24 19:30:00,12.80,78.20,9.11,0.0,0.0,79,1
89,12/02/24 20:00:00,12.49,79.10,8.98,0.0,0.0,84,1
90,12/02/24 20:30:00,12.29,79.90,8.94,0.3,1.7,76,1
91,12/02/24 21:00:00,11.56,80.90,8.41,0.0,1.0,73,1
92,12/02/24 21:30:00,11.42,81.60,8.40,0.0,0.0,73,1
93,12/02/24 22:00:00,11.20,82.30,8.31,0.0,1.0,73,1
94,12/02/24 22:30:00,11.10,83.00,8.34,0.0,1.0,73,1
95,12/02/24 23:00:00,11.05,83.80,8.43,0.7,2.0,62,1
96,12/02/24 23:30:00,11.20,84.20,8.64,0.0,2.0,35,1
97,12/03/24 00:00:00,10.15,84.70,7.70,0.0,1.0,37,1
98,12/03/24 00:30:00,9.95,85.10,7.58,0.3,1.7,38,1
99,12/03/24 01:00:00,9.73,85.80,7.48,0.3,1.7,38,1
100,12/03/24 01:30:00,9.46,86.20,7.28,0.0,0.0,38,1
101,12/03/24 02:00:00,9.88,86.30,7.71,0.0,0.0,38,1
102,12/03/24 02:30:00,9.83,86.70,7.73,0.0,0.0,38,1
103,12/03/24 03:00:00,9.39,87.00,7.34,0.0,0.0,38,1
104,12/03/24 03:30:00,9.24,87.50,7.28,0.0,0.0,38,1
105,12/03/24 04:00:00,8.79,87.60,6.86,0.0,0.0,38,1
106,12/03/24 04:30:00,9.78,88.00,7.90,0.0,2.3,195,1
107,12/03/24 05:00:00,10.47,88.20,8.61,0.0,0.0,201,41
108,12/03/24 05:30:00,11.13,88.20,9.26,0.0,1.3,201,67
109,12/03/24 06:00:00,12.15,88.20,10.27,0.7,2.3,222,168
110,12/03/24 06:30:00,12.51,88.30,10.64,1.3,3.0,277,78
111,12/03/24 07:00:00,13.45,88.00,11.52,1.3,3.0,286,162
112,12/03/24 07:30:00,14.60,87.60,12.58,1.3,3.7,279,176
113,12/03/24 08:00:00,15.82,87.00,13.68,2.0,3.7,271,186
114,12/03/24 08:30:00,15.99,85.70,13.61,2.0,5.0,264,222
115,12/03/24 09:00:00,16.77,83.40,13.96,3.3,7.3,268,232
116,12/03/24 09:30:00,17.39,81.10,14.14,3.3,6.0,260,251
117,12/03/24 10:00:00,17.91,77.10,13.86,3.7,8.0,251,148
118,12/03/24 10:30:00,17.34,74.80,12.85,4.0,8.0,268,136
119,12/03/24 11:00:00,16.68,73.70,11.98,4.0,8.0,268,33
120,12/03/24 11:30:00,15.84,77.30,11.89,4.0,6.7,263,79
121,12/03/24 12:00:00,15.82,79.60,12.32,3.7,6.7,257,91
122,12/03/24 12:30:00,15.34,80.80,12.08,2.7,5.3,239,28
123,12/03/24 13:00:00,14.91,82.20,11.92,2.7,5.7,251,7
124,12/03/24 13:30:00,14.24,83.70,11.54,2.7,5.3,244,6
125,12/03/24 14:00:00,13.83,85.70,11.49,2.3,5.3,243,16
126,12/03/24 14:30:00,13.74,86.70,11.58,2.3,5.0,236,1
127,12/03/24 15:00:00,13.64,87.50,11.62,2.7,4.7,248,1
128,12/03/24 15:30:00,13.47,88.40,11.61,3.0,5.3,250,1
129,12/03/24 16:00:00,13.33,89.10,11.59,2.7,5.0,258,1
130,12/03/24 16:30:00,13.26,89.70,11.62,2.3,5.7,261,1
131,12/03/24 17:00:00,13.18,90.30,11.65,2.3,4.3,263,1
132,12/03/24 17:30:00,13.43,90.80,11.97,2.7,4.7,258,1
133,12/03/24 18:00:00,13.31,91.30,11.93,2.7,6.0,247,1
134,12/03/24 18:30:00,13.18,91.80,11.90,1.0,3.0,241,1
135,12/03/24 19:00:00,13.14,92.20,11.91,1.7,4.3,253,1
136,12/03/24 19:30:00,13.11,92.50,11.94,1.7,3.7,254,1
137,12/03/24 20:00:00,13.06,92.90,11.96,1.7,4.0,240,1
138,12/03/24 20:30:00,13.23,93.20,12.17,1.3,4.7,256,1
139,12/03/24 21:00:00,13.21,93.70,12.23,2.3,5.0,256,1
140,12/03/24 21:30:00,13.47,94.10,12.56,0.7,4.3,247,1
141,12/03/24 22:00:00,13.28,94.50,12.43,1.3,3.3,234,1
142,12/03/24 22:30:00,13.26,94.80,12.46,2.0,3.7,254,1
143,12/03/24 23:00:00,13.14,94.90,12.35,1.3,3.7,254,1
144,12/03/24 23:30:00,13.02,95.40,12.31,1.0,3.7,234,1
145,12/04/24 00:00:00,13.06,95.70,12.41,1.3,3.7,240,1
146,12/04/24 00:30:00,13.02,96.00,12.41,1.0,4.0,243,1
147,12/04/24 01:00:00,13.21,96.10,12.62,0.3,3.0,240,1
148,12/04/24 01:30:00,13.31,96.20,12.73,0.3,3.0,232,1
149,12/04/24 02:00:00,13.23,96.50,12.70,0.0,1.0,248,1
150,12/04/24 02:30:00,13.16,96.60,12.65,0.0,1.7,265,1
151,12/04/24 03:00:00,13.16,96.70,12.66,0.0,0.0,278,1
152,12/04/24 03:30:00,13.02,96.90,12.55,0.0,0.0,278,1
153,12/04/24 04:00:00,12.70,97.20,12.28,0.0,0.0,278,1
154,12/04/24 04:30:00,12.80,97.30,12.40,0.0,0.0,279,1
155,12/04/24 05:00:00,12.94,97.40,12.56,0.0,0.0,279,4
156,12/04/24 05:30:00,13.11,97.30,12.71,0.0,0.0,275,23
157,12/04/24 06:00:00,13.64,97.40,13.25,0.0,0.0,277,54
158,12/04/24 06:30:00,14.89,96.60,14.37,0.0,0.0,278,158
159,12/04/24 07:00:00,15.13,95.40,14.42,0.3,2.3,156,173
160,12/04/24 07:30:00,15.20,94.20,14.29,1.7,5.3,190,97
161,12/04/24 08:00:00,15.63,92.70,14.47,1.3,5.7,247,294
162,12/04/24 08:30:00,16.06,89.90,14.42,2.3,6.0,250,372
163,12/04/24 09:00:00,16.65,86.10,14.34,2.3,5.7,241,514
164,12/04/24 09:30:00,16.49,81.10,13.25,2.3,5.3,229,166
165,12/04/24 10:00:00,16.58,80.50,13.23,1.3,4.3,168,172
166,12/04/24 10:30:00,18.03,75.20,13.59,0.3,3.0,184,568
167,12/04/24 11:00:00,18.22,73.00,13.32,0.3,3.0,211,381
168,12/04/24 11:30:00,17.22,74.50,12.67,1.3,4.3,225,173
169,12/04/24 12:00:00,16.96,76.90,12.90,1.3,4.0,181,161
170,12/04/24 12:30:00,16.13,78.90,12.48,2.3,6.3,191,157
171,12/04/24 13:00:00,16.11,79.40,12.56,2.0,7.3,184,94
172,12/04/24 13:30:00,16.08,78.80,12.42,1.3,4.0,209,66
173,12/04/24 14:00:00,15.68,79.50,12.16,1.0,3.7,253,31
174,12/04/24 14:30:00,14.96,80.90,11.72,1.3,3.7,250,6
175,12/04/24 15:00:00,14.58,82.10,11.57,1.0,3.7,264,1
176,12/04/24 15:30:00,14.31,82.50,11.39,0.3,3.0,277,1
177,12/04/24 16:00:00,14.10,83.10,11.29,0.0,2.0,270,1
178,12/04/24 16:30:00,14.46,82.80,11.59,0.0,0.0,272,1
179,12/04/24 17:00:00,14.29,82.20,11.31,0.0,0.0,271,1
180,12/04/24 17:30:00,14.51,82.10,11.50,0.0,0.0,254,1
181,12/04/24 18:00:00,14.77,81.70,11.69,0.0,0.0,213,1
182,12/04/24 18:30:00,14.77,81.10,11.58,0.0,0.0,261,1
183,12/04/24 19:00:00,14.62,80.60,11.34,0.0,0.0,265,1
184,12/04/24 19:30:00,14.41,80.40,11.09,0.0,0.0,265,1
185,12/04/24 20:00:00,13.81,80.80,10.58,0.0,0.0,265,1
186,12/04/24 20:30:00,13.14,81.60,10.07,0.0,0.0,265,1
187,12/04/24 21:00:00,12.97,82.70,10.11,0.0,0.0,271,1
188,12/04/24 21:30:00,12.77,84.30,10.21,0.0,0.0,357,1
189,12/04/24 22:00:00,12.82,85.50,10.47,0.0,0.0,357,1
190,12/04/24 22:30:00,13.35,85.90,11.06,0.0,0.0,355,1
191,12/04/24 23:00:00,12.49,86.50,10.31,0.0,0.0,347,1
192,12/04/24 23:30:00,12.36,87.20,10.31,0.0,0.0,347,1
193,12/05/24 00:00:00,11.90,88.00,9.99,0.0,0.0,347,1
194,12/05/24 00:30:00,11.66,88.70,9.87,0.0,0.0,348,1
195,12/05/24 01:00:00,11.15,89.30,9.47,0.0,0.0,352,1
196,12/05/24 01:30:00,10.74,89.90,9.16,0.0,0.0,355,1
197,12/05/24 02:00:00,10.66,90.50,9.18,0.0,0.0,357,1
198,12/05/24 02:30:00,10.71,90.90,9.30,0.0,0.0,31,1
199,12/05/24 03:00:00,10.54,91.10,9.16,0.0,0.0,37,1
200,12/05/24 03:30:00,10.54,91.70,9.26,0.0,0.0,37,1
201,12/05/24 04:00:00,10.54,92.00,9.31,0.0,0.0,37,1
202,12/05/24 04:30:00,10.64,92.20,9.44,0.0,0.0,37,1
203,12/05/24 05:00:00,10.93,92.40,9.76,0.0,0.0,37,32
204,12/05/24 05:30:00,11.56,92.20,10.35,0.0,0.0,358,89
205,12/05/24 06:00:00,12.70,91.90,11.43,0.0,0.0,48,161
206,12/05/24 06:30:00,14.55,90.80,13.08,0.0,0.0,48,242
207,12/05/24 07:00:00,15.63,90.80,14.15,0.0,0.0,48,361
208,12/05/24 07:30:00,16.89,89.70,15.21,0.0,2.0,41,387
209,12/05/24 08:00:00,16.89,85.20,14.41,1.0,3.3,257,169
210,12/05/24 08:30:00,17.61,80.40,14.21,1.0,4.0,265,311
211,12/05/24 09:00:00,17.15,77.00,13.11,1.0,3.3,271,238
212,12/05/24 09:30:00,17.30,73.80,12.59,1.7,5.0,246,223
213,12/05/24 10:00:00,17.22,70.90,11.92,2.3,5.3,240,117
214,12/05/24 10:30:00,18.32,67.10,12.13,2.0,5.3,239,491
215,12/05/24 11:00:00,18.82,63.90,11.86,2.3,6.0,240,464
216,12/05/24 11:30:00,18.39,63.20,11.29,2.7,6.0,246,389
217,12/05/24 12:00:00,18.51,61.30,10.94,2.3,5.3,251,84
218,12/05/24 12:30:00,18.56,60.40,10.76,2.0,6.0,246,302
219,12/05/24 13:00:00,18.27,60.30,10.47,2.3,5.7,247,223
220,12/05/24 13:30:00,18.01,61.00,10.39,1.7,4.3,251,141
221,12/05/24 14:00:00,17.08,65.00,10.47,0.7,4.0,257,28
222,12/05/24 14:30:00,16.22,68.70,10.48,0.0,2.3,240,4
223,12/05/24 15:00:00,15.63,71.00,10.40,0.0,0.0,246,1
224,12/05/24 15:30:00,15.10,72.50,10.21,0.0,0.0,250,1
225,12/05/24 16:00:00,14.60,73.50,9.93,0.0,0.0,251,1
226,12/05/24 16:30:00,14.22,74.40,9.74,0.0,0.0,251,1
227,12/05/24 17:00:00,14.27,74.80,9.87,0.0,0.0,251,1
228,12/05/24 17:30:00,13.83,75.10,9.51,0.0,0.0,251,1
229,12/05/24 18:00:00,13.79,75.30,9.51,0.0,0.0,251,1
230,12/05/24 18:30:00,13.62,75.50,9.38,0.0,0.0,251,1
231,12/05/24 19:00:00,13.38,76.10,9.27,0.0,0.0,260,1
232,12/05/24 19:30:00,13.16,77.10,9.25,0.0,0.0,267,1
233,12/05/24 20:00:00,12.65,78.50,9.03,0.0,0.0,270,1
234,12/05/24 20:30:00,12.00,80.00,8.67,0.0,0.0,274,1
235,12/05/24 21:00:00,11.71,81.60,8.68,0.0,0.0,350,1
236,12/05/24 21:30:00,11.71,82.80,8.90,0.0,0.0,17,1
237,12/05/24 22:00:00,11.61,83.90,9.00,0.0,0.0,17,1
238,12/05/24 22:30:00,11.66,84.60,9.17,0.0,0.0,17,1
239,12/05/24 23:00:00,11.83,85.00,9.40,0.0,0.0,17,1
240,12/05/24 23:30:00,11.35,85.30,8.98,0.0,0.0,17,1
241,12/06/24 00:00:00,10.98,85.70,8.69,0.0,0.0,17,1
242,12/06/24 00:30:00,11.32,86.10,9.09,0.0,0.0,17,1
243,12/06/24 01:00:00,12.51,85.90,10.23,0.0,0.0,17,1
244,12/06/24 01:30:00,12.27,85.60,9.94,0.0,0.0,17,1
245,12/06/24 02:00:00,11.22,85.40,8.88,0.0,0.0,17,1
246,12/06/24 02:30:00,12.85,84.80,10.37,0.0,0.0,1,1
247,12/06/24 03:00:00,13.52,83.70,10.83,0.0,0.0,250,1
248,12/06/24 03:30:00,13.16,81.60,10.10,0.0,0.0,275,1
249,12/06/24 04:00:00,13.26,80.80,10.04,0.0,0.0,302,1
250,12/06/24 04:30:00,13.14,80.50,9.87,0.0,0.0,293,1
251,12/06/24 05:00:00,11.66,80.80,8.49,0.0,0.0,291,18
252,12/06/24 05:30:00,13.28,80.90,10.09,0.0,0.0,292,79
253,12/06/24 06:00:00,14.89,80.10,11.50,0.0,0.0,298,159
254,12/06/24 06:30:00,15.72,78.70,12.05,0.0,0.0,298,244
255,12/06/24 07:00:00,16.75,76.20,12.55,0.0,0.0,256,351
256,12/06/24 07:30:00,17.34,74.10,12.70,1.3,3.7,261,398
257,12/06/24 08:00:00,17.89,73.50,13.11,1.3,3.7,256,499
258,12/06/24 08:30:00,17.96,71.90,12.84,1.7,5.3,264,291
259,12/06/24 09:00:00,17.99,71.00,12.67,2.0,4.3,264,324
260,12/06/24 09:30:00,18.41,67.80,12.37,3.3,6.7,256,328
261,12/06/24 10:00:00,18.51,65.80,12.01,2.7,6.0,251,593
262,12/06/24 10:30:00,18.08,64.10,11.21,2.7,5.7,257,259
263,12/06/24 11:00:00,19.03,62.30,11.68,3.0,7.7,258,594
264,12/06/24 11:30:00,18.56,60.70,10.84,3.0,6.7,254,249
265,12/06/24 12:00:00,17.82,61.70,10.39,3.0,5.7,253,186
266,12/06/24 12:30:00,17.80,63.80,10.87,2.7,5.7,250,197
267,12/06/24 13:00:00,17.89,65.60,11.38,2.7,5.7,248,253
268,12/06/24 13:30:00,17.61,66.60,11.33,1.0,4.7,230,129
269,12/06/24 14:00:00,17.06,68.40,11.21,0.0,0.0,267,56
270,12/06/24 14:30:00,16.22,70.30,10.83,0.0,0.0,265,4
271,12/06/24 15:00:00,15.58,71.80,10.53,0.0,0.0,271,1
272,12/06/24 15:30:00,15.34,73.00,10.55,0.0,0.0,271,1
273,12/06/24 16:00:00,14.86,73.90,10.27,0.0,0.0,285,1
274,12/06/24 16:30:00,14.65,74.40,10.16,0.0,0.0,296,1
275,12/06/24 17:00:00,15.01,74.60,10.55,0.0,0.0,298,1
276,12/06/24 17:30:00,14.79,75.00,10.42,0.0,0.0,298,1
277,12/06/24 18:00:00,14.70,75.50,10.43,0.0,0.0,298,1
278,12/06/24 18:30:00,14.53,75.90,10.34,0.0,0.0,298,1
279,12/06/24 19:00:00,13.52,76.30,9.45,0.0,0.0,302,1
280,12/06/24 19:30:00,12.85,78.50,9.21,0.0,0.0,14,1
281,12/06/24 20:00:00,13.40,79.90,10.02,0.0,0.0,18,1
282,12/06/24 20:30:00,12.90,80.60,9.65,0.0,0.0,18,1
283,12/06/24 21:00:00,12.12,81.70,9.10,0.0,0.0,18,1
284,12/06/24 21:30:00,11.90,82.60,9.05,0.0,0.0,18,1
285,12/06/24 22:00:00,12.22,83.20,9.47,0.0,0.0,18,1
286,12/06/24 22:30:00,12.75,83.30,10.00,0.0,0.0,18,1
287,12/06/24 23:00:00,12.12,83.10,9.35,0.0,0.0,18,1
288,12/06/24 23:30:00,11.98,83.20,9.23,0.0,0.0,18,1
289,12/07/24 00:00:00,11.95,83.50,9.26,0.0,0.0,18,1
290,12/07/24 00:30:00,13.47,83.20,10.69,0.0,0.0,18,1
291,12/07/24 01:00:00,12.46,82.20,9.52,0.0,0.0,18,1
292,12/07/24 01:30:00,12.49,82.20,9.55,0.0,0.0,18,1
293,12/07/24 02:00:00,12.68,81.90,9.68,0.0,0.0,18,1
294,12/07/24 02:30:00,12.29,82.00,9.32,0.0,0.0,18,1
295,12/07/24 03:00:00,12.12,82.50,9.25,0.0,0.0,18,1
296,12/07/24 03:30:00,13.14,81.70,10.09,0.0,0.0,18,1
297,12/07/24 04:00:00,14.22,79.00,10.64,0.0,0.0,10,1
298,12/07/24 04:30:00,14.29,76.30,10.19,0.0,0.0,256,1
299,12/07/24 05:00:00,14.43,74.90,10.05,0.0,0.0,239,11
300,12/07/24 05:30:00,14.53,73.80,9.92,0.0,0.0,261,56
301,12/07/24 06:00:00,14.62,72.30,9.71,0.0,2.0,253,76
302,12/07/24 06:30:00,15.72,70.80,10.45,0.0,3.0,248,128
303,12/07/24 07:00:00,16.08,70.30,10.69,0.0,0.0,257,171
304,12/07/24 07:30:00,16.34,71.40,11.18,0.0,0.0,263,193
305,12/07/24 08:00:00,17.01,72.00,11.94,0.3,4.0,248,198
306,12/07/24 08:30:00,17.56,72.90,12.66,0.0,2.3,271,309
307,12/07/24 09:00:00,18.08,70.60,12.67,2.0,6.3,239,291
308,12/07/24 09:30:00,18.49,68.30,12.55,3.3,8.0,237,318
309,12/07/24 10:00:00,18.39,68.20,12.44,3.3,7.3,229,267
310,12/07/24 10:30:00,18.51,67.60,12.42,3.0,6.7,229,234
311,12/07/24 11:00:00,18.94,67.60,12.83,2.7,7.0,243,343
312,12/07/24 11:30:00,18.53,67.20,12.35,3.7,8.7,251,114
313,12/07/24 12:00:00,18.63,68.30,12.69,4.3,7.7,241,196
314,12/07/24 12:30:00,18.15,70.30,12.68,3.7,8.7,234,89
315,12/07/24 13:00:00,18.03,70.60,12.63,2.3,7.3,236,41
316,12/07/24 13:30:00,17.70,72.70,12.76,1.7,6.0,237,33
317,12/07/24 14:00:00,17.49,74.70,12.96,2.3,6.0,248,11
318,12/07/24 14:30:00,17.30,75.90,13.02,1.3,6.0,254,3
319,12/07/24 15:00:00,17.13,76.70,13.02,0.0,4.3,254,1
320,12/07/24 15:30:00,16.51,78.20,12.72,0.3,3.0,244,1
321,12/07/24 16:00:00,16.49,79.60,12.97,0.0,3.3,247,1
322,12/07/24 16:30:00,16.13,80.50,12.79,0.3,3.3,240,1
323,12/07/24 17:00:00,15.87,81.30,12.69,0.0,0.0,258,1
324,12/07/24 17:30:00,15.82,82.20,12.81,0.0,0.0,261,1
325,12/07/24 18:00:00,15.63,83.10,12.79,0.0,0.0,251,1
326,12/07/24 18:30:00,15.08,84.20,12.45,0.0,0.0,240,1
327,12/07/24 19:00:00,14.89,85.20,12.44,0.0,0.0,260,1
328,12/07/24 19:30:00,14.89,86.40,12.65,0.0,0.0,254,1
329,12/07/24 20:00:00,14.67,87.10,12.57,0.0,0.0,250,1
330,12/07/24 20:30:00,14.24,88.00,12.30,0.0,0.0,246,1
331,12/07/24 21:00:00,14.29,88.70,12.47,0.0,0.0,247,1
332,12/07/24 21:30:00,14.00,89.20,12.27,0.0,0.0,247,1
333,12/07/24 22:00:00,13.43,89.70,11.78,0.0,0.0,247,1
334,12/07/24 22:30:00,13.35,90.50,11.85,0.0,0.0,247,1
335,12/07/24 23:00:00,13.02,90.70,11.55,0.0,0.0,247,1
336,12/07/24 23:30:00,12.17,91.10,10.78,0.0,0.0,230,1
337,12/08/24 00:00:00,12.19,91.50,10.87,0.0,0.0,178,1
338,12/08/24 00:30:00,11.98,92.00,10.73,0.0,0.0,46,1
339,12/08/24 01:00:00,11.66,92.40,10.48,0.0,0.0,45,1
340,12/08/24 01:30:00,11.64,92.70,10.51,0.0,0.0,39,1
341,12/08/24 02:00:00,11.66,92.90,10.56,0.0,0.0,44,1
342,12/08/24 02:30:00,11.49,93.20,10.44,0.0,0.0,31,1
343,12/08/24 03:00:00,10.81,93.60,9.83,0.0,0.0,45,1
344,12/08/24 03:30:00,10.49,93.80,9.55,0.0,0.0,60,1
345,12/08/24 04:00:00,12.03,94.30,11.15,1.3,5.7,56,1
346,12/08/24 04:30:00,12.53,94.20,11.64,0.7,4.7,59,1
347,12/08/24 05:00:00,12.73,94.20,11.83,0.0,2.7,77,23
348,12/08/24 05:30:00,12.77,94.30,11.90,0.0,2.3,73,11
349,12/08/24 06:00:00,12.82,94.20,11.93,0.0,2.0,48,18
350,12/08/24 06:30:00,13.04,93.90,12.10,0.0,0.3,42,47
351,12/08/24 07:00:00,14.24,93.30,13.19,0.0,2.3,354,119
352,12/08/24 07:30:00,15.75,92.20,14.50,0.0,0.3,48,199
353,12/08/24 08:00:00,18.53,89.00,16.71,0.0,1.3,83,214
354,12/08/24 08:30:00,19.89,81.20,16.59,0.0,1.3,111,502
355,12/08/24 09:00:00,19.41,72.00,14.25,0.3,2.3,232,517
356,12/08/24 09:30:00,19.44,64.90,12.68,0.3,2.7,225,532
357,12/08/24 10:00:00,19.27,63.30,12.14,0.7,3.7,234,522
358,12/08/24 10:30:00,19.82,60.00,11.85,1.0,4.0,251,497
359,12/08/24 11:00:00,19.79,58.70,11.49,2.0,5.3,225,478
360,12/08/24 11:30:00,19.51,59.90,11.53,2.3,5.3,256,431
361,12/08/24 12:00:00,19.67,59.90,11.69,1.7,4.7,267,61
362,12/08/24 12:30:00,19.77,59.50,11.67,1.0,4.0,271,314
363,12/08/24 13:00:00,19.53,60.90,11.80,1.3,4.0,265,232
364,12/08/24 13:30:00,18.98,63.00,11.80,1.7,4.3,256,152
365,12/08/24 14:00:00,18.44,65.70,11.92,1.3,3.3,241,62
366,12/08/24 14:30:00,17.46,68.00,11.51,1.0,3.0,241,6
367,12/08/24 15:00:00,16.94,69.90,11.43,0.0,1.0,230,1
368,12/08/24 15:30:00,16.08,72.60,11.18,0.3,3.0,198,1
369,12/08/24 16:00:00,15.53,74.60,11.06,0.7,3.7,219,1
370,12/08/24 16:30:00,15.17,76.40,11.07,1.0,3.0,230,1
371,12/08/24 17:00:00,14.79,78.60,11.13,0.7,2.0,246,1
372,12/08/24 17:30:00,14.48,79.90,11.07,0.7,2.0,258,1
373,12/08/24 18:00:00,14.27,81.00,11.07,0.3,1.7,261,1
374,12/08/24 18:30:00,14.00,82.10,11.01,0.3,1.0,260,1
375,12/08/24 19:00:00,13.59,82.90,10.76,0.0,0.3,260,1
376,12/08/24 19:30:00,13.40,83.60,10.70,0.0,1.0,260,1
377,12/08/24 20:00:00,12.75,84.40,10.20,0.0,0.0,260,1
378,12/08/24 20:30:00,12.36,85.40,10.00,0.3,1.0,286,1
379,12/08/24 21:00:00,12.19,86.40,10.01,0.3,1.3,358,1
380,12/08/24 21:30:00,12.00,87.20,9.95,0.3,1.0,358,1
381,12/08/24 22:00:00,12.10,87.80,10.15,0.7,1.7,1,1
382,12/08/24 22:30:00,11.76,88.10,9.87,0.3,1.3,0,1
383,12/08/24 23:00:00,11.32,88.60,9.52,0.0,0.0,0,1
384,12/08/24 23:30:00,11.30,88.70,9.51,0.0,0.0,0,1
385,12/09/24 00:00:00,10.81,89.10,9.10,0.0,0.0,0,1
386,12/09/24 00:30:00,10.61,89.30,8.94,0.0,1.0,18,1
387,12/09/24 01:00:00,10.57,89.50,8.92,0.3,1.3,25,1
388,12/09/24 01:30:00,10.61,89.70,9.00,0.3,1.7,25,1
389,12/09/24 02:00:00,10.61,89.80,9.02,0.7,2.0,24,1
390,12/09/24 02:30:00,10.42,89.80,8.83,0.0,0.7,24,1
391,12/09/24 03:00:00,10.20,89.80,8.61,0.3,1.3,24,1
392,12/09/24 03:30:00,9.63,89.90,8.07,0.0,1.3,51,1
393,12/09/24 04:00:00,9.73,90.00,8.18,0.3,1.7,65,1
394,12/09/24 04:30:00,9.66,89.90,8.09,0.3,1.3,60,1
395,12/09/24 05:00:00,10.15,89.80,8.56,0.3,1.3,58,18
396,12/09/24 05:30:00,11.27,89.10,9.55,0.7,2.0,49,87
397,12/09/24 06:00:00,12.51,88.00,10.59,0.3,2.0,41,174
398,12/09/24 06:30:00,14.89,86.20,12.62,0.3,1.3,31,251
399,12/09/24 07:00:00,17.01,83.30,14.18,0.0,0.0,25,336
400,12/09/24 07:30:00,18.72,78.90,15.01,0.0,0.0,31,389
401,12/09/24 08:00:00,21.39,72.20,16.20,0.0,0.0,32,454
402,12/09/24 08:30:00,21.25,66.00,14.66,0.0,0.0,32,446
403,12/09/24 09:00:00,21.60,58.80,13.22,0.0,0.0,48,476
404,12/09/24 09:30:00,21.20,51.60,10.85,0.0,0.0,104,494
405,12/09/24 10:00:00,20.94,50.20,10.20,0.0,1.7,146,467
406,12/09/24 10:30:00,21.20,49.30,10.17,0.0,1.0,157,457
407,12/09/24 11:00:00,21.44,49.40,10.42,0.0,1.0,157,394
408,12/09/24 11:30:00,22.56,47.20,10.76,0.0,0.0,163,319
409,12/09/24 12:00:00,21.01,49.20,9.96,0.0,1.7,188,159
410,12/09/24 12:30:00,20.84,52.10,10.67,0.7,3.0,261,269
411,12/09/24 13:00:00,19.82,59.10,11.62,1.0,3.0,288,126
412,12/09/24 13:30:00,19.08,65.40,12.46,1.0,3.3,288,86
413,12/09/24 14:00:00,18.63,68.90,12.82,0.7,3.0,302,46
414,12/09/24 14:30:00,18.18,70.70,12.79,0.0,1.3,300,2
415,12/09/24 15:00:00,17.56,72.00,12.47,0.0,0.3,324,1
416,12/09/24 15:30:00,16.70,73.20,11.90,0.0,0.0,324,1
417,12/09/24 16:00:00,15.89,74.60,11.40,0.0,0.0,324,1
418,12/09/24 16:30:00,16.08,76.30,11.93,0.0,0.0,293,1
419,12/09/24 17:00:00,15.84,78.70,12.17,0.0,0.0,240,1
420,12/09/24 17:30:00,15.51,80.10,12.11,0.0,0.0,240,1
421,12/09/24 18:00:00,15.15,81.40,12.00,0.0,0.0,240,1
422,12/09/24 18:30:00,15.13,82.60,12.20,0.0,0.0,240,1
423,12/09/24 19:00:00,15.01,83.40,12.23,0.0,0.0,240,1
424,12/09/24 19:30:00,14.82,84.20,12.19,0.0,0.0,240,1
425,12/09/24 20:00:00,14.07,85.30,11.66,0.0,0.0,240,1
426,12/09/24 20:30:00,13.16,85.90,10.87,0.0,0.0,240,1
427,12/09/24 21:00:00,12.90,86.90,10.78,0.0,0.0,240,1
428,12/09/24 21:30:00,12.99,87.70,11.01,0.0,0.0,240,1
429,12/09/24 22:00:00,12.97,88.10,11.06,0.0,0.0,327,1
430,12/09/24 22:30:00,12.70,88.60,10.88,0.0,0.0,344,1
431,12/09/24 23:00:00,12.19,88.80,10.42,0.0,0.0,344,1
432,12/09/24 23:30:00,12.05,89.30,10.36,0.0,0.0,345,1
433,12/10/24 00:00:00,12.03,89.40,10.35,0.0,0.0,358,1
434,12/10/24 00:30:00,11.78,89.60,10.14,0.0,0.0,0,1
435,12/10/24 01:00:00,11.69,89.90,10.10,0.0,0.0,6,1
436,12/10/24 01:30:00,11.47,90.10,9.91,0.0,0.0,18,1
437,12/10/24 02:00:00,11.66,90.30,10.14,0.0,0.0,32,1
438,12/10/24 02:30:00,11.47,90.60,10.00,0.0,0.7,39,1
439,12/10/24 03:00:00,11.64,90.80,10.20,0.0,1.7,41,1
440,12/10/24 03:30:00,11.54,91.10,10.15,0.0,0.0,53,1
441,12/10/24 04:00:00,11.47,91.30,10.11,0.0,0.0,49,1
442,12/10/24 04:30:00,10.98,91.50,9.66,0.0,0.0,49,1
443,12/10/24 05:00:00,10.76,91.70,9.48,0.0,0.0,49,16
444,12/10/24 05:30:00,11.27,91.70,9.98,0.0,0.0,49,66
445,12/10/24 06:00:00,12.34,91.60,11.03,0.0,0.0,49,94
446,12/10/24 06:30:00,14.17,90.50,12.65,0.0,0.0,49,224
447,12/10/24 07:00:00,16.42,89.40,14.69,0.0,0.0,49,196
448,12/10/24 07:30:00,18.13,88.40,16.20,0.0,0.0,49,357
449,12/10/24 08:00:00,19.75,86.00,17.36,0.0,0.0,49,437
450,12/10/24 08:30:00,19.34,81.20,16.06,0.0,0.0,38,443
451,12/10/24 09:00:00,19.46,74.10,14.75,0.0,2.0,286,483
452,12/10/24 09:30:00,20.32,68.10,14.26,0.0,1.7,278,517
453,12/10/24 10:00:00,20.10,64.80,13.29,0.3,2.7,285,454
454,12/10/24 10:30:00,20.27,62.00,12.77,0.3,2.3,279,444
455,12/10/24 11:00:00,20.60,61.00,12.84,0.0,2.0,254,377
456,12/10/24 11:30:00,20.10,61.50,12.49,0.0,2.0,218,237
457,12/10/24 12:00:00,20.06,61.70,12.50,0.0,0.3,244,159
458,12/10/24 12:30:00,19.82,62.90,12.56,0.0,0.0,285,157
459,12/10/24 13:00:00,19.32,66.20,12.87,0.0,0.0,285,101
460,12/10/24 13:30:00,18.98,67.90,12.94,0.0,0.0,226,81
461,12/10/24 14:00:00,18.46,69.40,12.78,0.0,0.0,239,33
462,12/10/24 14:30:00,17.80,71.00,12.49,0.0,0.0,247,2
463,12/10/24 15:00:00,17.46,72.50,12.48,0.0,0.0,247,1
464,12/10/24 15:30:00,16.75,73.70,12.05,0.0,0.0,247,1
465,12/10/24 16:00:00,16.46,74.90,12.02,0.0,0.0,247,1
466,12/10/24 16:30:00,16.03,76.20,11.86,0.0,0.0,247,1
467,12/10/24 17:00:00,15.34,78.40,11.62,0.0,0.0,247,1
468,12/10/24 17:30:00,15.13,80.20,11.76,0.0,0.0,247,1
469,12/10/24 18:00:00,14.51,81.90,11.47,0.0,0.0,247,1
470,12/10/24 18:30:00,14.05,83.10,11.24,0.0,0.0,247,1
471,12/10/24 19:00:00,13.86,84.20,11.25,0.0,0.0,247,1
472,12/10/24 19:30:00,13.52,85.10,11.08,0.0,0.0,247,1
473,12/10/24 20:00:00,13.52,86.00,11.24,0.0,0.0,247,1
474,12/10/24 20:30:00,13.02,86.60,10.85,0.0,0.0,247,1
475,12/10/24 21:00:00,12.73,87.20,10.67,0.0,0.0,248,1
476,12/10/24 21:30:00,12.29,87.60,10.31,0.0,0.0,251,1
477,12/10/24 22:00:00,12.03,88.10,10.13,0.0,0.0,13,1
478,12/10/24 22:30:00,11.88,88.50,10.05,0.0,0.0,58,1
479,12/10/24 23:00:00,11.61,88.90,9.86,0.0,1.0,39,1
480,12/10/24 23:30:00,11.54,89.10,9.82,0.0,0.0,31,1
481,12/11/24 00:00:00,11.61,89.40,9.94,0.0,1.0,41,1
482,12/11/24 00:30:00,11.39,89.50,9.74,0.0,0.0,45,1
483,12/11/24 01:00:00,11.22,89.60,9.59,0.0,0.7,46,1
484,12/11/24 01:30:00,11.22,89.60,9.59,0.0,0.7,45,1
485,12/11/24 02:00:00,11.32,89.50,9.67,0.0,1.7,39,1
486,12/11/24 02:30:00,11.18,89.40,9.51,0.0,0.3,49,1
487,12/11/24 03:00:00,11.30,89.30,9.61,0.0,1.0,42,1
488,12/11/24 03:30:00,11.56,89.10,9.84,0.0,1.0,38,1
489,12/11/24 04:00:00,11.35,89.00,9.61,0.0,1.0,48,1
490,12/11/24 04:30:00,10.76,89.00,9.03,0.0,0.0,44,1
491,12/11/24 05:00:00,10.79,89.10,9.07,0.0,0.0,66,11
492,12/11/24 05:30:00,11.37,89.00,9.63,0.0,0.3,66,54
493,12/11/24 06:00:00,12.15,89.00,10.40,0.0,1.7,49,71
494,12/11/24 06:30:00,12.90,88.70,11.09,0.0,2.3,35,129
495,12/11/24 07:00:00,14.00,88.10,12.08,0.0,2.0,35,234
496,12/11/24 07:30:00,15.72,87.00,13.58,0.0,1.3,41,271
497,12/11/24 08:00:00,15.94,85.90,13.60,0.0,0.0,51,202
498,12/11/24 08:30:00,16.75,84.50,14.14,0.0,0.0,88,211
499,12/11/24 09:00:00,18.79,82.40,15.75,0.0,1.3,69,517
500,12/11/24 09:30:00,20.29,77.10,16.17,0.3,2.7,48,364
501,12/11/24 10:00:00,19.96,71.90,14.76,0.3,3.0,69,373
502,12/11/24 10:30:00,19.25,68.70,13.37,0.3,2.7,41,231
503,12/11/24 11:00:00,19.53,67.40,13.35,0.0,2.7,31,226
504,12/11/24 11:30:00,19.15,65.70,12.60,1.0,4.3,38,213
505,12/11/24 12:00:00,19.08,65.70,12.53,0.7,3.3,45,179
506,12/11/24 12:30:00,19.15,65.10,12.46,0.3,2.7,67,127
507,12/11/24 13:00:00,18.70,65.10,12.03,0.0,2.3,52,91
508,12/11/24 13:30:00,18.20,67.70,12.15,0.3,2.7,41,64
509,12/11/24 14:00:00,17.75,70.20,12.27,0.7,2.7,51,29
510,12/11/24 14:30:00,17.22,72.50,12.26,0.7,3.3,46,2
511,12/11/24 15:00:00,16.56,74.50,12.03,0.3,3.0,46,1
512,12/11/24 15:30:00,16.13,75.80,11.87,0.3,2.7,42,1
513,12/11/24 16:00:00,15.94,77.10,11.95,0.0,2.0,45,1
514,12/11/24 16:30:00,15.53,78.70,11.87,0.0,0.7,34,1
515,12/11/24 17:00:00,15.13,80.10,11.74,0.0,0.0,39,1
516,12/11/24 17:30:00,14.96,81.30,11.80,0.0,2.0,46,1
517,12/11/24 18:00:00,14.67,82.40,11.72,0.3,2.7,46,1
518,12/11/24 18:30:00,14.19,83.30,11.42,0.0,1.0,45,1
519,12/11/24 19:00:00,14.41,83.80,11.72,0.0,2.0,45,1
520,12/11/24 19:30:00,14.07,84.30,11.48,0.0,1.3,55,1
521,12/11/24 20:00:00,14.51,84.30,11.90,1.0,3.0,44,1
522,12/11/24 20:30:00,13.98,84.40,11.40,0.3,2.3,52,1
523,12/11/24 21:00:00,14.05,84.40,11.48,0.7,2.0,49,1
524,12/11/24 21:30:00,13.76,84.60,11.23,0.7,2.0,41,1
525,12/11/24 22:00:00,13.43,84.60,10.90,1.0,2.0,44,1
526,12/11/24 22:30:00,13.26,84.60,10.73,0.3,1.3,49,1
527,12/11/24 23:00:00,13.02,84.60,10.50,0.0,0.7,56,1
528,12/11/24 23:30:00,12.82,84.60,10.31,0.0,0.0,66,1
529,12/12/24 00:00:00,12.87,84.70,10.37,0.0,0.0,67,1
530,12/12/24 00:30:00,12.70,84.90,10.24,0.0,0.7,81,1
531,12/12/24 01:00:00,12.73,84.70,10.23,0.0,0.7,67,1
532,12/12/24 01:30:00,13.31,84.70,10.80,0.7,3.3,38,1
533,12/12/24 02:00:00,12.73,84.50,10.19,0.7,2.0,41,1
534,12/12/24 02:30:00,13.06,84.70,10.56,0.0,1.3,29,1
535,12/12/24 03:00:00,13.23,84.70,10.73,1.0,3.7,22,1
536,12/12/24 03:30:00,12.85,84.30,10.28,0.3,3.0,22,1
537,12/12/24 04:00:00,12.75,83.80,10.09,0.0,1.3,15,1
538,12/12/24 04:30:00,12.63,83.70,9.96,0.0,0.0,22,1
539,12/12/24 05:00:00,12.99,83.90,10.35,0.0,0.7,39,8
540,12/12/24 05:30:00,13.45,84.10,10.83,0.0,0.0,48,51
541,12/12/24 06:00:00,14.43,84.10,11.80,0.0,0.0,49,101
542,12/12/24 06:30:00,14.94,83.80,12.24,0.0,1.0,37,94
543,12/12/24 07:00:00,14.96,83.00,12.11,0.0,0.0,29,117
544,12/12/24 07:30:00,17.44,80.20,14.01,0.0,0.7,24,411
545,12/12/24 08:00:00,18.25,74.70,13.70,0.3,2.3,45,209
546,12/12/24 08:30:00,19.01,71.10,13.67,0.7,3.0,52,218
547,12/12/24 09:00:00,19.65,68.70,13.76,1.7,5.0,51,394
548,12/12/24 09:30:00,20.60,64.80,13.77,2.3,6.3,46,566
549,12/12/24 10:00:00,20.32,61.50,12.69,3.0,7.3,45,424
550,12/12/24 10:30:00,21.15,51.80,10.87,2.7,6.0,58,531
551,12/12/24 11:00:00,20.86,55.10,11.54,2.3,8.3,67,491
552,12/12/24 11:30:00,20.48,52.30,10.40,2.7,8.3,65,428
553,12/12/24 12:00:00,20.63,54.60,11.18,2.3,8.3,67,76
554,12/12/24 12:30:00,19.91,59.60,11.83,2.7,7.7,67,321
555,12/12/24 13:00:00,19.94,55.30,10.73,3.0,7.0,59,262
556,12/12/24 13:30:00,19.01,59.30,10.91,2.7,7.3,66,201
557,12/12/24 14:00:00,18.25,61.30,10.69,2.7,7.3,62,93
558,12/12/24 14:30:00,17.30,61.90,9.94,3.0,7.7,51,7
559,12/12/24 15:00:00,16.58,64.30,9.83,2.0,6.7,52,1
560,12/12/24 15:30:00,15.91,66.20,9.63,1.3,4.3,51,1
561,12/12/24 16:00:00,15.34,67.90,9.46,1.7,4.3,48,1
562,12/12/24 16:30:00,14.82,69.20,9.24,1.0,3.0,46,1
563,12/12/24 17:00:00,14.19,70.30,8.88,0.3,2.3,51,1
564,12/12/24 17:30:00,13.69,71.00,8.54,0.7,2.7,51,1
565,12/12/24 18:00:00,13.38,71.30,8.30,0.3,2.0,53,1
566,12/12/24 18:30:00,13.04,71.40,8.00,0.7,1.7,51,1
567,12/12/24 19:00:00,12.77,71.80,7.83,0.0,0.7,48,1
568,12/12/24 19:30:00,12.99,72.00,8.08,0.3,2.0,53,1
569,12/12/24 20:00:00,13.11,71.70,8.13,1.0,3.0,69,1
570,12/12/24 20:30:00,13.50,71.40,8.44,0.3,2.3,84,1
571,12/12/24 21:00:00,15.13,65.60,8.75,0.3,3.0,87,1
572,12/12/24 21:30:00,14.24,59.40,6.45,0.0,1.7,95,1
573,12/12/24 22:00:00,14.79,55.00,5.85,0.3,3.3,125,1
574,12/12/24 22:30:00,14.94,50.90,4.87,2.7,6.3,145,1
575,12/12/24 23:00:00,14.74,51.30,4.81,1.7,5.7,152,1
576,12/12/24 23:30:00,14.77,51.40,4.86,1.7,4.3,147,1
577,12/13/24 00:00:00,14.43,53.80,5.20,1.7,5.0,163,1
578,12/13/24 00:30:00,14.41,55.60,5.65,2.3,6.3,166,1
579,12/13/24 01:00:00,14.24,57.10,5.88,2.0,5.3,167,1
580,12/13/24 01:30:00,14.12,57.10,5.77,1.7,6.0,177,1
581,12/13/24 02:00:00,13.91,56.30,5.36,1.3,5.0,174,1
582,12/13/24 02:30:00,14.12,56.80,5.69,2.0,6.3,161,1
583,12/13/24 03:00:00,13.62,57.10,5.30,2.0,5.3,164,1
584,12/13/24 03:30:00,13.57,59.00,5.72,1.7,4.7,168,1
585,12/13/24 04:00:00,13.55,56.40,5.05,1.7,6.0,156,1
586,12/13/24 04:30:00,13.38,56.50,4.92,1.7,4.3,157,1
587,12/13/24 05:00:00,13.14,57.10,4.85,1.3,4.0,142,16
588,12/13/24 05:30:00,13.95,55.50,5.20,1.3,5.7,154,87
589,12/13/24 06:00:00,14.39,54.00,5.21,2.7,7.0,154,171
590,12/13/24 06:30:00,14.94,53.00,5.45,3.0,7.7,160,252
591,12/13/24 07:00:00,15.34,52.90,5.80,3.3,7.3,163,327
592,12/13/24 07:30:00,15.51,51.30,5.51,3.3,8.3,161,389
593,12/13/24 08:00:00,16.03,50.70,5.83,4.0,9.0,170,447
594,12/13/24 08:30:00,16.32,49.70,5.81,3.7,7.7,163,491
595,12/13/24 09:00:00,16.25,48.50,5.39,3.7,7.7,171,521
596,12/13/24 09:30:00,16.06,48.00,5.06,4.7,10.4,178,529
597,12/13/24 10:00:00,16.51,46.70,5.08,4.0,9.7,180,536
598,12/13/24 10:30:00,16.72,44.90,4.72,3.3,7.0,150,531
599,12/13/24 11:00:00,16.44,45.40,4.61,3.0,6.7,138,503
600,12/13/24 11:30:00,16.61,46.10,4.98,3.0,6.7,140,448
601,12/13/24 12:00:00,16.37,45.80,4.67,3.0,6.7,147,56
602,12/13/24 12:30:00,16.32,45.60,4.57,3.3,7.0,133,327
603,12/13/24 13:00:00,15.94,46.10,4.38,3.0,6.0,138,244
604,12/13/24 13:30:00,15.89,46.00,4.30,1.7,5.0,128,172
605,12/13/24 14:00:00,15.20,47.00,3.98,2.0,4.7,135,83
606,12/13/24 14:30:00,14.36,48.50,3.66,2.3,5.0,135,7
607,12/13/24 15:00:00,14.05,48.20,3.28,2.0,5.0,135,1
608,12/13/24 15:30:00,13.76,48.60,3.13,2.0,4.7,135,1
609,12/13/24 16:00:00,13.59,48.10,2.83,2.0,4.7,139,1
610,12/13/24 16:30:00,13.59,48.80,3.04,2.3,5.3,146,1
611,12/13/24 17:00:00,13.74,47.40,2.76,2.7,5.3,149,1
612,12/13/24 17:30:00,13.23,49.20,2.82,2.0,5.0,146,1
613,12/13/24 18:00:00,13.06,49.80,2.84,1.7,4.7,145,1
614,12/13/24 18:30:00,13.28,50.40,3.20,2.7,6.7,138,1
615,12/13/24 19:00:00,12.75,51.60,3.05,2.0,5.7,133,1
616,12/13/24 19:30:00,12.56,51.10,2.73,1.3,3.3,128,1
617,12/13/24 20:00:00,12.82,48.20,2.16,2.0,5.7,143,1
618,12/13/24 20:30:00,12.73,48.90,2.27,2.0,4.7,142,1
619,12/13/24 21:00:00,12.75,47.70,1.94,2.0,6.7,170,1
620,12/13/24 21:30:00,12.87,49.10,2.46,2.7,6.7,142,1
621,12/13/24 22:00:00,12.46,51.00,2.61,1.7,7.0,138,1
622,12/13/24 22:30:00,12.19,50.70,2.29,1.7,5.0,138,1
623,12/13/24 23:00:00,12.39,49.70,2.19,2.7,7.7,136,1
624,12/13/24 23:30:00,12.44,51.30,2.67,3.0,7.7,138,1
625,12/14/24 00:00:00,12.24,49.50,1.99,3.0,7.7,142,1
626,12/14/24 00:30:00,12.19,49.70,2.01,2.7,7.0,133,1
627,12/14/24 01:00:00,12.27,48.90,1.85,2.0,5.0,133,1
628,12/14/24 01:30:00,12.44,49.20,2.09,2.3,6.3,135,1
629,12/14/24 02:00:00,12.34,49.40,2.06,2.7,7.7,143,1
630,12/14/24 02:30:00,12.05,49.50,1.82,2.0,5.3,135,1
631,12/14/24 03:00:00,11.83,50.00,1.76,0.7,2.7,136,1
632,12/14/24 03:30:00,11.73,50.80,1.89,0.3,2.3,121,1
633,12/14/24 04:00:00,11.03,52.20,1.61,0.3,2.7,132,1
634,12/14/24 04:30:00,10.52,53.00,1.35,0.3,1.7,152,1
635,12/14/24 05:00:00,10.27,54.30,1.46,0.0,0.0,226,14
636,12/14/24 05:30:00,12.36,54.30,3.41,0.0,0.0,268,91
637,12/14/24 06:00:00,13.14,51.20,3.29,0.7,2.3,222,177
638,12/14/24 06:30:00,14.10,49.70,3.76,1.0,3.7,164,257
639,12/14/24 07:00:00,14.07,48.20,3.30,2.0,6.3,171,328
640,12/14/24 07:30:00,14.34,46.20,2.95,2.3,7.0,188,402
641,12/14/24 08:00:00,14.58,45.50,2.95,3.0,6.3,185,453
642,12/14/24 08:30:00,15.41,44.90,3.52,2.7,7.7,192,508
643,12/14/24 09:00:00,15.27,46.50,3.89,2.7,6.3,184,523
644,12/14/24 09:30:00,15.49,45.10,3.65,2.7,6.0,178,539
645,12/14/24 10:00:00,16.01,43.60,3.65,2.3,6.7,199,548
646,12/14/24 10:30:00,16.18,42.30,3.37,1.7,6.3,212,528
647,12/14/24 11:00:00,15.82,40.80,2.54,2.3,5.7,209,502
648,12/14/24 11:30:00,16.44,40.60,3.03,1.7,4.3,220,473
649,12/14/24 12:00:00,15.87,42.70,3.22,2.0,5.0,201,43
650,12/14/24 12:30:00,15.84,44.10,3.66,2.0,5.0,174,341
651,12/14/24 13:00:00,15.56,46.20,4.06,2.3,4.3,184,268
652,12/14/24 13:30:00,15.17,47.20,4.01,2.0,4.7,211,174
653,12/14/24 14:00:00,14.60,48.70,3.93,1.7,3.7,230,91
654,12/14/24 14:30:00,13.71,50.80,3.72,0.7,2.3,225,6
655,12/14/24 15:00:00,13.33,52.70,3.88,0.0,1.3,212,1
656,12/14/24 15:30:00,12.77,54.20,3.77,0.0,0.0,212,1
657,12/14/24 16:00:00,12.34,56.00,3.82,0.7,2.0,229,1
658,12/14/24 16:30:00,11.66,58.50,3.81,0.3,1.3,248,1
659,12/14/24 17:00:00,11.71,60.00,4.22,0.3,1.7,248,1
660,12/14/24 17:30:00,11.52,61.20,4.31,0.3,1.3,271,1
661,12/14/24 18:00:00,10.96,62.50,4.08,0.0,1.0,278,1
662,12/14/24 18:30:00,9.90,64.70,3.58,0.0,0.3,278,1
663,12/14/24 19:00:00,9.61,66.70,3.73,0.0,0.0,278,1
664,12/14/24 19:30:00,9.01,68.00,3.44,0.0,0.0,278,1
665,12/14/24 20:00:00,9.19,68.70,3.75,0.0,0.0,278,1
666,12/14/24 20:30:00,8.79,69.80,3.59,0.0,0.0,279,1
667,12/14/24 21:00:00,8.59,70.50,3.54,0.0,0.0,292,1
668,12/14/24 21:30:00,8.44,71.20,3.54,0.0,0.0,293,1
669,12/14/24 22:00:00,7.84,72.00,3.12,0.0,0.0,295,1
670,12/14/24 22:30:00,8.09,72.60,3.48,0.0,0.0,295,1
671,12/14/24 23:00:00,7.59,73.10,3.09,0.0,1.3,347,1
672,12/14/24 23:30:00,6.84,73.70,2.48,0.0,0.0,27,1
673,12/15/24 00:00:00,7.37,74.20,3.09,0.0,1.3,29,1
674,12/15/24 00:30:00,6.86,74.70,2.69,0.0,0.0,29,1
675,12/15/24 01:00:00,6.51,75.10,2.42,0.0,0.0,29,1
676,12/15/24 01:30:00,6.48,75.40,2.46,0.0,0.0,29,1
677,12/15/24 02:00:00,6.59,75.70,2.61,0.0,0.3,29,1
678,12/15/24 02:30:00,6.05,76.10,2.17,0.3,2.0,45,1
679,12/15/24 03:00:00,6.41,76.50,2.59,0.0,0.3,55,1
680,12/15/24 03:30:00,5.90,77.00,2.18,0.0,1.0,55,1
681,12/15/24 04:00:00,6.33,77.60,2.71,0.3,1.7,56,1
682,12/15/24 04:30:00,6.64,77.70,3.03,0.7,1.7,53,1
683,12/15/24 05:00:00,7.02,77.80,3.41,0.3,1.3,41,16
684,12/15/24 05:30:00,8.47,77.40,4.75,0.0,0.0,41,86
685,12/15/24 06:00:00,9.01,76.70,5.15,0.0,1.0,58,166
686,12/15/24 06:30:00,11.52,75.50,7.35,0.3,2.0,39,358
687,12/15/24 07:00:00,13.55,72.90,8.79,0.0,0.0,29,242
688,12/15/24 07:30:00,16.46,68.60,10.69,0.0,0.3,29,244
689,12/15/24 08:00:00,15.10,65.70,8.75,0.7,2.7,336,441
690,12/15/24 08:30:00,16.06,60.00,8.31,1.7,3.0,246,463
691,12/15/24 09:00:00,16.06,51.70,6.13,1.7,4.0,250,504
692,12/15/24 09:30:00,16.11,49.80,5.64,2.0,3.7,272,479
693,12/15/24 10:00:00,16.61,48.40,5.69,1.3,3.0,272,428
694,12/15/24 10:30:00,16.56,48.90,5.79,1.7,4.3,257,453
695,12/15/24 11:00:00,16.25,49.80,5.77,1.7,3.7,247,208
696,12/15/24 11:30:00,16.06,50.90,5.91,1.0,3.0,260,151
697,12/15/24 12:00:00,16.18,51.20,6.10,1.3,2.7,267,158
698,12/15/24 12:30:00,16.15,51.50,6.17,1.3,2.7,263,124
699,12/15/24 13:00:00,16.46,51.20,6.37,1.0,2.0,281,154
700,12/15/24 13:30:00,15.84,52.20,6.07,1.7,3.3,265,81
701,12/15/24 14:00:00,15.49,53.90,6.21,1.7,3.0,271,91
702,12/15/24 14:30:00,14.53,55.80,5.82,1.3,2.7,265,7
703,12/15/24 15:00:00,13.95,58.50,5.96,0.3,1.3,263,1
704,12/15/24 15:30:00,13.67,60.20,6.11,0.0,1.3,263,1
705,12/15/24 16:00:00,12.90,63.00,6.04,0.3,1.7,233,1
706,12/15/24 16:30:00,12.68,63.90,6.04,0.7,2.0,230,1
707,12/15/24 17:00:00,12.03,65.00,5.66,0.3,2.0,267,1
708,12/15/24 17:30:00,11.93,66.20,5.83,0.3,1.7,270,1
709,12/15/24 18:00:00,11.39,67.70,5.65,0.7,2.0,243,1
710,12/15/24 18:30:00,11.13,69.00,5.67,0.0,0.7,233,1
711,12/15/24 19:00:00,10.83,69.70,5.53,0.0,0.0,233,1
712,12/15/24 19:30:00,11.15,70.40,5.98,0.0,0.3,233,1
713,12/15/24 20:00:00,11.73,70.80,6.62,0.0,0.0,233,1
714,12/15/24 20:30:00,10.08,71.40,5.15,0.3,1.3,233,1
715,12/15/24 21:00:00,10.05,72.10,5.26,0.0,0.0,232,1
716,12/15/24 21:30:00,10.61,72.80,5.95,0.0,0.0,233,1
717,12/15/24 22:00:00,10.12,73.40,5.59,0.0,0.0,233,1
718,12/15/24 22:30:00,9.44,73.90,5.03,0.0,1.3,233,1
719,12/15/24 23:00:00,9.26,74.60,4.99,0.0,0.0,233,1
720,12/15/24 23:30:00,9.06,75.20,4.92,0.0,0.0,233,1
721,12/16/24 00:00:00,9.11,76.00,5.12,0.0,1.0,233,1
722,12/16/24 00:30:00,8.99,76.70,5.13,0.3,1.0,233,1
723,12/16/24 01:00:00,8.92,77.70,5.24,0.0,0.0,232,1
724,12/16/24 01:30:00,8.74,78.70,5.26,0.0,0.0,232,1
725,12/16/24 02:00:00,8.37,79.40,5.02,0.0,0.0,232,1
726,12/16/24 02:30:00,8.37,80.50,5.22,0.0,0.0,232,1
727,12/16/24 03:00:00,8.17,80.90,5.10,0.0,0.0,232,1
728,12/16/24 03:30:00,8.32,81.50,5.35,0.0,0.0,232,1
729,12/16/24 04:00:00,8.37,81.60,5.41,0.0,0.0,232,1
730,12/16/24 04:30:00,8.82,82.10,5.94,0.0,0.0,232,1
731,12/16/24 05:00:00,9.48,82.30,6.63,0.0,0.0,232,21
732,12/16/24 05:30:00,9.95,82.10,7.05,0.0,0.0,230,63
733,12/16/24 06:00:00,11.59,81.50,8.54,0.0,1.0,230,82
734,12/16/24 06:30:00,11.54,81.00,8.40,0.0,0.0,229,87
735,12/16/24 07:00:00,12.07,80.50,8.83,0.7,3.0,234,167
736,12/16/24 07:30:00,13.98,79.30,10.47,1.3,2.7,233,296
737,12/16/24 08:00:00,15.10,77.20,11.16,1.7,3.3,247,372
738,12/16/24 08:30:00,15.51,75.20,11.15,2.0,3.7,244,277
739,12/16/24 09:00:00,16.70,72.70,11.79,2.0,4.3,239,348
740,12/16/24 09:30:00,17.08,69.30,11.43,3.0,4.7,225,158
741,12/16/24 10:00:00,16.25,68.80,10.53,3.0,5.7,159,47
742,12/16/24 10:30:00,15.20,73.30,10.47,3.3,8.3,118,46
743,12/16/24 11:00:00,14.36,76.90,10.38,3.0,6.7,129,51
744,12/16/24 11:30:00,14.36,79.20,10.82,2.3,5.3,150,47
745,12/16/24 12:00:00,14.19,79.50,10.71,1.0,3.0,195,27
746,12/16/24 12:30:00,13.67,80.50,10.39,0.7,2.0,281,13
747,12/16/24 13:00:00,13.09,82.30,10.15,1.0,3.3,299,13
748,12/16/24 13:30:00,12.85,84.30,10.28,0.3,1.7,309,6
749,12/16/24 14:00:00,12.68,85.80,10.38,0.0,1.3,312,6
750,12/16/24 14:30:00,12.29,87.10,10.22,1.7,3.3,222,2
751,12/16/24 15:00:00,12.12,88.10,10.23,1.3,3.3,199,1
752,12/16/24 15:30:00,12.00,88.80,10.22,1.0,2.3,250,1
753,12/16/24 16:00:00,11.83,89.60,10.19,0.3,1.7,261,1
754,12/16/24 16:30:00,11.73,90.20,10.19,0.0,1.3,263,1
755,12/16/24 17:00:00,11.61,90.60,10.14,0.0,1.7,274,1
756,12/16/24 17:30:00,11.30,91.10,9.91,0.3,2.0,281,1
757,12/16/24 18:00:00,11.30,91.60,9.99,0.0,1.7,300,1
758,12/16/24 18:30:00,11.15,92.00,9.91,0.0,1.0,299,1
759,12/16/24 19:00:00,10.83,92.40,9.66,0.0,0.0,299,1
760,12/16/24 19:30:00,10.71,92.80,9.61,0.0,0.0,299,1
761,12/16/24 20:00:00,10.08,93.20,9.04,0.3,1.3,161,1
762,12/16/24 20:30:00,10.00,93.60,9.03,0.0,1.3,147,1
763,12/16/24 21:00:00,10.27,93.80,9.33,0.0,0.0,145,1
764,12/16/24 21:30:00,10.42,94.10,9.52,0.0,0.0,145,1
765,12/16/24 22:00:00,10.71,94.50,9.88,0.0,1.0,139,1
766,12/16/24 22:30:00,10.98,94.80,10.19,0.3,2.3,86,1
767,12/16/24 23:00:00,11.22,95.00,10.47,0.0,1.3,55,1
768,12/16/24 23:30:00,11.32,95.20,10.59,0.0,1.3,67,1
769,12/17/24 00:00:00,11.32,95.50,10.64,0.3,1.7,250,1
770,12/17/24 00:30:00,11.35,95.80,10.71,0.0,1.7,53,1
771,12/17/24 01:00:00,11.37,96.00,10.77,0.0,0.0,45,1
772,12/17/24 01:30:00,11.42,96.20,10.85,0.0,0.0,45,1
773,12/17/24 02:00:00,10.96,96.40,10.42,0.0,0.0,49,1
774,12/17/24 02:30:00,10.76,96.80,10.28,0.0,0.0,73,1
775,12/17/24 03:00:00,10.44,96.80,9.97,0.0,0.0,73,1
776,12/17/24 03:30:00,10.44,97.10,10.01,0.0,0.0,73,1
777,12/17/24 04:00:00,10.20,97.10,9.77,0.0,0.0,72,1
778,12/17/24 04:30:00,9.98,97.40,9.59,0.0,0.0,72,1
779,12/17/24 05:00:00,9.80,97.50,9.44,0.0,0.0,72,12
780,12/17/24 05:30:00,10.30,97.10,9.87,0.0,0.0,72,119
781,12/17/24 06:00:00,10.88,97.30,10.48,0.0,0.0,72,129
782,12/17/24 06:30:00,11.32,97.30,10.92,0.0,0.0,70,73
783,12/17/24 07:00:00,13.16,96.30,12.60,0.0,0.0,62,284
784,12/17/24 07:30:00,15.29,94.60,14.45,0.0,0.0,20,371
785,12/17/24 08:00:00,15.20,95.70,14.54,0.0,1.7,55,421
786,12/17/24 08:30:00,15.68,94.00,14.73,0.7,2.3,129,469
787,12/17/24 09:00:00,16.72,89.50,15.01,0.3,3.0,147,652
788,12/17/24 09:30:00,16.13,78.40,12.39,1.0,3.7,159,194
789,12/17/24 10:00:00,15.56,73.60,10.88,0.7,4.3,164,196
790,12/17/24 10:30:00,16.13,72.80,11.26,1.0,3.7,170,497
791,12/17/24 11:00:00,16.58,68.10,10.69,1.7,4.7,185,482
792,12/17/24 11:30:00,17.27,64.50,10.53,1.3,4.3,187,447
793,12/17/24 12:00:00,16.18,66.80,10.02,2.0,4.3,206,94
794,12/17/24 12:30:00,16.46,65.70,10.04,1.7,4.0,208,324
795,12/17/24 13:00:00,16.44,66.90,10.29,1.7,3.7,195,247
796,12/17/24 13:30:00,16.06,67.00,9.95,1.7,3.0,204,173
797,12/17/24 14:00:00,15.27,68.90,9.61,1.3,3.3,229,67
798,12/17/24 14:30:00,14.34,72.00,9.37,1.3,2.7,230,7
799,12/17/24 15:00:00,13.69,74.10,9.17,1.0,2.0,234,1
800,12/17/24 15:30:00,12.99,76.30,8.93,1.0,2.0,261,1
801,12/17/24 16:00:00,12.61,78.60,9.00,0.7,1.7,282,1
802,12/17/24 16:30:00,12.12,79.30,8.66,0.7,1.7,278,1
803,12/17/24 17:00:00,11.98,79.70,8.59,0.0,1.3,277,1
804,12/17/24 17:30:00,11.52,80.10,8.22,0.0,0.0,277,1
805,12/17/24 18:00:00,11.15,81.30,8.08,0.0,0.0,277,1
806,12/17/24 18:30:00,10.74,82.40,7.87,0.0,0.0,277,1
807,12/17/24 19:00:00,9.76,84.20,7.23,0.0,1.7,184,1
808,12/17/24 19:30:00,9.73,86.00,7.51,0.0,1.3,128,1
809,12/17/24 20:00:00,9.56,87.30,7.56,0.0,0.0,128,1
810,12/17/24 20:30:00,9.66,88.40,7.84,0.0,0.3,121,1
811,12/17/24 21:00:00,9.36,89.10,7.67,0.0,0.0,77,1
812,12/17/24 21:30:00,8.59,90.00,7.05,0.0,0.0,77,1
813,12/17/24 22:00:00,8.32,90.40,6.85,0.0,0.0,77,1
814,12/17/24 22:30:00,8.29,90.80,6.89,0.0,1.0,62,1
815,12/17/24 23:00:00,7.95,91.30,6.62,1.0,2.7,46,1
816,12/17/24 23:30:00,7.57,91.80,6.33,1.3,2.3,41,1
817,12/18/24 00:00:00,7.69,92.00,6.48,1.0,2.0,46,1
818,12/18/24 00:30:00,7.52,92.10,6.33,1.3,2.3,39,1
819,12/18/24 01:00:00,7.57,92.20,6.39,1.3,2.7,39,1
820,12/18/24 01:30:00,7.90,92.20,6.72,1.3,2.7,35,1
821,12/18/24 02:00:00,7.69,92.00,6.48,1.3,2.7,29,1
822,12/18/24 02:30:00,6.79,92.10,5.60,0.3,1.7,39,1
823,12/18/24 03:00:00,6.43,92.10,5.25,1.0,2.0,48,1
824,12/18/24 03:30:00,6.69,92.00,5.49,0.7,1.7,48,1
825,12/18/24 04:00:00,6.81,92.00,5.61,1.3,2.3,41,1
826,12/18/24 04:30:00,6.96,91.90,5.75,1.3,2.3,32,1
827,12/18/24 05:00:00,6.89,91.90,5.67,0.7,1.7,44,11
828,12/18/24 05:30:00,7.74,91.20,6.41,0.7,2.0,46,76
829,12/18/24 06:00:00,8.97,90.80,7.55,1.0,2.3,42,167
830,12/18/24 06:30:00,10.86,89.90,9.28,0.3,1.7,39,239
831,12/18/24 07:00:00,11.44,88.60,9.64,0.7,2.3,39,319
832,12/18/24 07:30:00,14.10,86.00,11.81,0.7,2.3,39,384
833,12/18/24 08:00:00,16.06,81.70,12.95,0.3,2.3,41,436
834,12/18/24 08:30:00,17.01,76.60,12.89,0.3,1.7,44,483
835,12/18/24 09:00:00,17.34,71.30,12.12,1.0,2.7,45,516
836,12/18/24 09:30:00,18.32,67.80,12.28,0.7,2.3,72,531
837,12/18/24 10:00:00,18.44,64.60,11.66,0.7,2.0,72,532
838,12/18/24 10:30:00,19.03,61.50,11.48,0.3,2.0,104,514
839,12/18/24 11:00:00,19.06,58.70,10.80,0.3,2.3,112,496
840,12/18/24 11:30:00,17.89,58.20,9.58,1.3,3.7,208,446
841,12/18/24 12:00:00,17.77,56.30,8.98,1.7,3.3,187,44
842,12/18/24 12:30:00,17.89,53.10,8.22,1.3,4.3,191,336
843,12/18/24 13:00:00,17.75,54.60,8.50,1.7,4.3,192,263
844,12/18/24 13:30:00,17.27,56.30,8.51,1.0,2.7,168,184
845,12/18/24 14:00:00,16.82,60.10,9.05,0.7,2.0,201,98
846,12/18/24 14:30:00,15.56,63.30,8.63,1.0,2.3,226,14
847,12/18/24 15:00:00,14.46,66.80,8.38,0.7,2.0,222,1
848,12/18/24 15:30:00,13.95,69.30,8.44,0.0,1.3,226,1
849,12/18/24 16:00:00,12.90,71.10,7.80,0.0,0.0,226,1
850,12/18/24 16:30:00,12.82,72.70,8.06,0.0,0.0,226,1
851,12/18/24 17:00:00,12.24,73.80,7.72,0.0,1.0,226,1
852,12/18/24 17:30:00,12.07,75.00,7.79,0.0,0.7,226,1
853,12/18/24 18:00:00,11.73,76.20,7.70,0.0,0.0,226,1
854,12/18/24 18:30:00,11.47,77.60,7.70,0.7,1.7,300,1
855,12/18/24 19:00:00,11.39,79.20,7.93,0.7,1.7,357,1
856,12/18/24 19:30:00,11.10,80.20,7.83,1.0,2.3,0,1
857,12/18/24 20:00:00,9.88,81.20,6.82,0.0,1.0,0,1
858,12/18/24 20:30:00,9.44,82.40,6.60,0.0,0.0,0,1
859,12/18/24 21:00:00,9.01,83.70,6.41,0.3,1.3,0,1
860,12/18/24 21:30:00,8.67,85.00,6.30,0.0,1.3,0,1
861,12/18/24 22:00:00,9.01,85.80,6.77,0.7,1.7,1,1
862,12/18/24 22:30:00,8.57,86.80,6.50,0.0,1.3,17,1
863,12/18/24 23:00:00,8.39,87.30,6.41,0.0,0.0,17,1
864,12/18/24 23:30:00,7.97,87.90,6.10,0.0,0.0,17,1
865,12/19/24 00:00:00,7.84,88.40,6.05,0.0,0.0,17,1
866,12/19/24 00:30:00,7.72,88.70,5.98,0.0,0.0,18,1
867,12/19/24 01:00:00,8.39,89.10,6.71,0.7,1.7,29,1
868,12/19/24 01:30:00,8.19,89.30,6.55,1.0,1.7,34,1
869,12/19/24 02:00:00,7.72,89.60,6.13,0.3,1.3,35,1
870,12/19/24 02:30:00,7.64,89.90,6.10,1.0,2.3,39,1
871,12/19/24 03:00:00,7.67,90.20,6.17,1.3,2.3,28,1
872,12/19/24 03:30:00,7.67,90.30,6.19,1.0,2.0,37,1
873,12/19/24 04:00:00,7.39,90.60,5.96,1.0,2.3,39,1
874,12/19/24 04:30:00,7.42,90.80,6.02,1.0,2.3,44,1
875,12/19/24 05:00:00,7.47,91.00,6.10,0.7,2.0,39,13
876,12/19/24 05:30:00,8.07,90.70,6.65,0.7,2.0,38,67
877,12/19/24 06:00:00,9.66,90.30,8.16,0.7,2.0,35,149
878,12/19/24 06:30:00,11.42,89.70,9.80,0.7,1.7,38,223
879,12/19/24 07:00:00,12.92,89.10,11.18,0.7,2.3,37,294
880,12/19/24 07:30:00,15.56,87.10,13.44,0.0,1.0,35,367
881,12/19/24 08:00:00,16.94,83.60,14.16,0.0,2.0,44,419
882,12/19/24 08:30:00,17.03,79.00,13.38,1.3,3.7,220,458
883,12/19/24 09:00:00,17.75,72.60,12.78,3.0,7.0,243,494
884,12/19/24 09:30:00,17.91,67.60,11.85,3.7,7.3,243,526
885,12/19/24 10:00:00,18.20,65.70,11.69,3.7,6.7,241,513
886,12/19/24 10:30:00,18.39,63.00,11.24,3.7,7.0,246,512
887,12/19/24 11:00:00,19.10,61.10,11.45,2.7,5.3,240,594
888,12/19/24 11:30:00,17.96,64.00,11.07,2.0,5.3,159,188
889,12/19/24 12:00:00,17.34,65.90,10.92,2.7,6.0,161,111
890,12/19/24 12:30:00,17.70,63.60,10.73,2.3,5.0,170,304
891,12/19/24 13:00:00,17.70,62.00,10.35,2.7,5.7,178,272
892,12/19/24 13:30:00,16.51,63.40,9.55,2.3,5.0,174,67
893,12/19/24 14:00:00,15.77,68.10,9.92,2.3,5.7,177,44
894,12/19/24 14:30:00,15.17,70.80,9.93,2.0,4.3,175,6
895,12/19/24 15:00:00,14.72,72.40,9.82,2.0,3.7,192,1
896,12/19/24 15:30:00,14.36,73.00,9.60,0.7,2.7,212,1
897,12/19/24 16:00:00,13.83,73.70,9.23,0.0,0.0,191,1
898,12/19/24 16:30:00,14.05,74.20,9.54,0.0,0.0,191,1
899,12/19/24 17:00:00,13.69,74.50,9.25,0.0,1.3,122,1
900,12/19/24 17:30:00,13.69,75.40,9.43,0.0,0.3,48,1
901,12/19/24 18:00:00,13.76,75.40,9.50,0.0,1.7,167,1
902,12/19/24 18:30:00,12.80,75.40,8.57,0.3,1.3,112,1
903,12/19/24 19:00:00,12.10,76.40,8.09,0.3,1.7,69,1
904,12/19/24 19:30:00,11.32,77.90,7.62,0.7,2.0,45,1
905,12/19/24 20:00:00,10.61,80.30,7.37,1.0,2.0,44,1
906,12/19/24 20:30:00,10.59,82.10,7.67,1.3,2.0,44,1
907,12/19/24 21:00:00,10.32,83.40,7.64,1.0,2.0,49,1
908,12/19/24 21:30:00,10.25,84.20,7.71,0.3,2.0,44,1
909,12/19/24 22:00:00,10.39,84.80,7.96,0.7,2.0,41,1
910,12/19/24 22:30:00,10.74,85.10,8.35,1.0,1.7,31,1
911,12/19/24 23:00:00,10.39,85.30,8.04,1.0,2.3,31,1
912,12/19/24 23:30:00,10.03,85.70,7.75,1.3,2.7,41,1
913,12/20/24 00:00:00,10.34,85.90,8.10,1.0,2.3,31,1
914,12/20/24 00:30:00,10.05,86.10,7.84,1.3,2.3,39,1
915,12/20/24 01:00:00,10.39,86.20,8.20,1.3,3.3,37,1
916,12/20/24 01:30:00,10.98,85.90,8.72,1.3,3.0,32,1
917,12/20/24 02:00:00,11.08,85.50,8.75,1.3,2.3,29,1
918,12/20/24 02:30:00,10.93,84.90,8.50,1.0,2.3,11,1
919,12/20/24 03:00:00,10.79,84.60,8.31,1.3,2.3,31,1
920,12/20/24 03:30:00,10.25,84.50,7.76,0.7,2.3,49,1
921,12/20/24 04:00:00,10.22,84.60,7.75,0.7,2.3,35,1
922,12/20/24 04:30:00,9.90,84.80,7.48,1.0,2.0,35,1
923,12/20/24 05:00:00,9.76,84.90,7.35,1.0,2.0,45,18
924,12/20/24 05:30:00,10.22,84.80,7.79,1.7,3.0,38,93
925,12/20/24 06:00:00,12.12,84.10,9.53,1.3,2.7,34,179
926,12/20/24 06:30:00,13.26,82.80,10.41,1.0,2.7,28,231
927,12/20/24 07:00:00,13.69,80.90,10.49,0.7,2.3,44,86
928,12/20/24 07:30:00,16.20,77.80,12.34,0.3,1.7,18,327
929,12/20/24 08:00:00,17.13,73.40,12.35,0.7,2.3,55,409
930,12/20/24 08:30:00,17.65,65.80,11.20,1.3,4.0,112,504
931,12/20/24 09:00:00,17.18,60.10,9.39,1.7,4.7,132,122
932,12/20/24 09:30:00,17.63,54.20,8.28,2.3,4.7,135,532
933,12/20/24 10:00:00,17.96,51.60,7.87,2.0,4.7,119,522
934,12/20/24 10:30:00,18.27,50.50,7.83,1.3,4.0,112,507
935,12/20/24 11:00:00,18.25,48.80,7.31,2.0,4.3,118,483
936,12/20/24 11:30:00,18.34,45.90,6.50,1.7,4.0,112,447
937,12/20/24 12:00:00,18.70,46.00,6.86,1.7,3.7,102,49
938,12/20/24 12:30:00,18.37,46.20,6.62,1.3,4.0,86,334
939,12/20/24 13:00:00,17.96,44.50,5.71,1.7,4.0,111,256
940,12/20/24 13:30:00,17.87,44.10,5.49,1.7,3.7,110,174
941,12/20/24 14:00:00,17.91,44.60,5.70,1.0,2.7,115,102
942,12/20/24 14:30:00,16.49,47.40,5.28,0.3,1.3,110,9
943,12/20/24 15:00:00,15.44,48.70,4.70,1.0,2.7,67,1
944,12/20/24 15:30:00,14.58,54.80,5.60,1.3,2.7,42,1
945,12/20/24 16:00:00,13.91,58.00,5.79,1.3,2.3,48,1
946,12/20/24 16:30:00,13.16,61.30,5.89,1.3,2.7,55,1
947,12/20/24 17:00:00,12.73,64.20,6.15,1.0,2.3,49,1
948,12/20/24 17:30:00,12.70,67.20,6.79,1.3,2.7,44,1
949,12/20/24 18:00:00,12.58,68.00,6.85,2.0,3.3,45,1
950,12/20/24 18:30:00,12.00,68.60,6.42,1.7,3.3,45,1
951,12/20/24 19:00:00,12.07,68.40,6.45,2.0,4.3,41,1
952,12/20/24 19:30:00,11.56,68.60,6.00,1.3,3.0,42,1
953,12/20/24 20:00:00,11.44,68.10,5.78,1.3,2.3,48,1
954,12/20/24 20:30:00,10.98,68.90,5.50,1.3,2.3,44,1
955,12/20/24 21:00:00,10.91,69.90,5.64,0.7,2.3,72,1
956,12/20/24 21:30:00,10.52,70.40,5.37,1.0,2.0,52,1
957,12/20/24 22:00:00,10.12,71.50,5.22,0.3,1.7,49,1
958,12/20/24 22:30:00,9.78,72.20,5.02,0.0,0.0,51,1
959,12/20/24 23:00:00,9.78,72.90,5.16,0.0,0.0,51,1
960,12/20/24 23:30:00,10.27,73.50,5.75,0.0,0.0,51,1
961,12/21/24 00:00:00,10.00,74.10,5.61,0.3,1.7,46,1
962,12/21/24 00:30:00,8.97,74.90,4.76,0.0,1.0,29,1
963,12/21/24 01:00:00,8.89,75.60,4.83,0.3,1.3,29,1
964,12/21/24 01:30:00,9.16,76.40,5.24,1.3,2.3,29,1
965,12/21/24 02:00:00,9.53,77.50,5.81,0.7,1.7,31,1
966,12/21/24 02:30:00,8.92,78.10,5.32,0.7,2.0,32,1
967,12/21/24 03:00:00,8.74,79.10,5.33,0.3,1.7,95,1
968,12/21/24 03:30:00,8.84,80.40,5.66,1.3,2.0,32,1
969,12/21/24 04:00:00,8.24,81.40,5.26,0.7,2.0,38,1
970,12/21/24 04:30:00,8.22,82.30,5.39,0.0,0.3,38,1
971,12/21/24 05:00:00,8.62,83.00,5.90,0.3,2.0,35,9
972,12/21/24 05:30:00,9.63,82.80,6.86,0.3,2.0,32,71
973,12/21/24 06:00:00,10.79,82.50,7.94,0.7,1.7,34,87
974,12/21/24 06:30:00,11.15,82.00,8.21,0.0,0.0,51,87
975,12/21/24 07:00:00,12.41,81.30,9.31,0.0,0.0,46,136
976,12/21/24 07:30:00,13.93,80.00,10.55,0.0,0.0,34,177
977,12/21/24 08:00:00,15.56,78.40,11.83,0.0,0.3,31,362
978,12/21/24 08:30:00,16.27,74.60,11.77,0.7,2.3,108,304
979,12/21/24 09:00:00,17.20,71.50,12.02,1.7,3.3,226,494
980,12/21/24 09:30:00,17.94,69.60,12.32,1.7,3.7,239,501
981,12/21/24 10:00:00,17.70,69.20,12.00,2.3,4.7,253,414
982,12/21/24 10:30:00,18.39,69.90,12.82,2.3,5.0,253,508
983,12/21/24 11:00:00,18.06,70.90,12.72,2.7,5.0,241,246
984,12/21/24 11:30:00,18.20,72.10,13.11,2.3,4.7,232,129
985,12/21/24 12:00:00,18.87,71.50,13.62,2.3,4.7,237,149
986,12/21/24 12:30:00,18.39,71.30,13.12,2.7,4.7,268,103
987,12/21/24 13:00:00,18.32,72.90,13.39,2.7,5.0,265,88
988,12/21/24 13:30:00,18.84,69.10,13.07,2.3,5.0,307,236
989,12/21/24 14:00:00,18.01,69.20,12.30,2.0,4.3,323,38
990,12/21/24 14:30:00,17.46,70.50,12.06,2.0,4.7,319,1
991,12/21/24 15:00:00,17.11,70.50,11.72,0.7,4.0,344,1
992,12/21/24 15:30:00,16.75,71.60,11.61,0.7,2.0,341,1
993,12/21/24 16:00:00,16.39,73.20,11.60,0.3,2.3,334,1
994,12/21/24 16:30:00,16.30,73.80,11.63,0.3,1.7,3,1
995,12/21/24 17:00:00,15.20,75.30,10.87,0.0,1.3,60,1
996,12/21/24 17:30:00,14.67,77.30,10.76,0.0,0.0,74,1
997,12/21/24 18:00:00,14.48,80.50,11.18,0.3,1.3,87,1
998,12/21/24 18:30:00,14.51,83.80,11.81,0.3,1.7,326,1
999,12/21/24 19:00:00,14.43,85.50,12.05,0.0,0.0,326,1
1000,12/21/24 19:30:00,14.41,86.70,12.24,0.0,0.0,326,1
1001,12/21/24 20:00:00,13.83,88.00,11.90,0.0,0.0,326,1
1002,12/21/24 20:30:00,13.76,88.80,11.96,0.0,0.0,326,1
1003,12/21/24 21:00:00,13.50,89.60,11.84,0.0,0.0,329,1
1004,12/21/24 21:30:00,13.28,90.30,11.74,0.0,0.0,331,1
1005,12/21/24 22:00:00,13.11,90.90,11.67,0.0,1.3,88,1
1006,12/21/24 22:30:00,13.40,91.40,12.04,0.0,1.7,111,1
1007,12/21/24 23:00:00,13.43,91.80,12.13,0.3,1.7,45,1
1008,12/21/24 23:30:00,13.09,92.20,11.87,0.3,1.7,65,1
1009,12/22/24 00:00:00,12.99,92.60,11.84,0.3,1.3,114,1
1010,12/22/24 00:30:00,13.04,92.90,11.93,0.3,1.3,45,1
1011,12/22/24 01:00:00,12.61,93.30,11.57,0.0,0.7,1,1
1012,12/22/24 01:30:00,12.10,93.50,11.09,0.0,0.7,1,1
1013,12/22/24 02:00:00,12.15,93.60,11.16,0.3,1.7,46,1
1014,12/22/24 02:30:00,12.12,93.70,11.15,0.3,1.7,93,1
1015,12/22/24 03:00:00,12.32,93.50,11.31,0.3,2.0,77,1
1016,12/22/24 03:30:00,12.49,93.30,11.45,0.7,2.3,86,1
1017,12/22/24 04:00:00,12.53,93.00,11.45,0.3,2.0,101,1
1018,12/22/24 04:30:00,12.03,92.50,10.86,0.3,1.3,108,1
1019,12/22/24 05:00:00,12.00,91.80,10.72,0.3,1.3,102,12
1020,12/22/24 05:30:00,13.57,90.00,11.98,0.3,1.3,94,82
1021,12/22/24 06:00:00,14.89,87.40,12.83,0.7,3.3,74,148
1022,12/22/24 06:30:00,16.32,84.00,13.63,0.3,1.7,18,229
1023,12/22/24 07:00:00,16.53,80.80,13.24,0.0,1.3,8,311
1024,12/22/24 07:30:00,16.89,79.20,13.28,0.7,2.7,77,373
1025,12/22/24 08:00:00,17.51,76.80,13.41,1.0,3.7,38,437
1026,12/22/24 08:30:00,18.32,72.90,13.39,2.0,4.3,58,479
1027,12/22/24 09:00:00,18.79,69.20,13.05,3.0,6.3,56,513
1028,12/22/24 09:30:00,18.87,64.10,11.95,3.0,6.7,63,544
1029,12/22/24 10:00:00,18.98,62.90,11.78,3.0,7.0,70,529
1030,12/22/24 10:30:00,18.96,58.50,10.66,3.0,6.7,63,517
1031,12/22/24 11:00:00,19.32,57.10,10.63,3.0,6.3,63,486
1032,12/22/24 11:30:00,19.32,56.80,10.55,2.7,6.3,62,88
1033,12/22/24 12:00:00,18.68,53.70,9.12,2.7,7.3,67,91
1034,12/22/24 12:30:00,18.32,52.70,8.51,2.7,6.3,62,304
1035,12/22/24 13:00:00,17.89,51.70,7.83,2.3,6.0,69,198
1036,12/22/24 13:30:00,17.25,57.40,8.77,2.7,6.7,65,128
1037,12/22/24 14:00:00,16.51,60.80,8.93,1.7,5.0,62,47
1038,12/22/24 14:30:00,15.82,63.10,8.83,1.7,4.3,63,7
1039,12/22/24 15:00:00,15.32,65.40,8.88,1.7,4.0,65,1
1040,12/22/24 15:30:00,14.79,67.50,8.85,1.0,3.3,66,1
1041,12/22/24 16:00:00,14.15,69.50,8.66,0.7,2.0,44,1
1042,12/22/24 16:30:00,14.00,70.80,8.80,0.0,0.0,44,1
1043,12/22/24 17:00:00,13.47,72.10,8.56,0.0,0.0,44,1
1044,12/22/24 17:30:00,13.55,72.90,8.79,0.3,1.0,44,1
1045,12/22/24 18:00:00,13.23,73.90,8.69,0.0,0.3,42,1
1046,12/22/24 18:30:00,12.22,74.90,7.91,0.3,1.3,49,1
1047,12/22/24 19:00:00,12.36,75.90,8.25,0.0,0.0,56,1
1048,12/22/24 19:30:00,11.83,77.00,7.94,0.0,0.0,56,1
1049,12/22/24 20:00:00,12.07,78.80,8.52,0.0,0.0,55,1
1050,12/22/24 20:30:00,11.93,79.90,8.58,0.0,0.0,55,1
1051,12/22/24 21:00:00,12.00,80.70,8.80,0.0,0.0,55,1
1052,12/22/24 21:30:00,11.25,81.60,8.23,0.0,0.0,55,1
1053,12/22/24 22:00:00,11.30,82.20,8.38,0.3,2.3,44,1
1054,12/22/24 22:30:00,11.27,82.50,8.41,0.3,1.7,187,1
1055,12/22/24 23:00:00,11.64,82.90,8.84,0.0,1.3,161,1
1056,12/22/24 23:30:00,11.83,83.00,9.05,0.0,1.3,62,1
1057,12/23/24 00:00:00,11.90,82.90,9.10,0.0,0.0,62,1
1058,12/23/24 00:30:00,12.29,82.60,9.43,0.3,1.7,59,1
1059,12/23/24 01:00:00,12.22,82.70,9.38,1.3,2.3,18,1
1060,12/23/24 01:30:00,11.56,83.20,8.82,0.0,1.0,345,1
1061,12/23/24 02:00:00,11.22,84.10,8.65,0.0,1.7,223,1
1062,12/23/24 02:30:00,11.27,84.80,8.82,0.3,2.7,244,1
1063,12/23/24 03:00:00,11.05,85.60,8.74,0.3,1.7,307,1
1064,12/23/24 03:30:00,10.17,86.10,7.96,0.3,2.0,178,1
1065,12/23/24 04:00:00,10.20,86.90,8.12,0.0,0.3,166,1
1066,12/23/24 04:30:00,10.27,87.60,8.32,0.0,0.0,166,1
1067,12/23/24 05:00:00,10.59,88.10,8.71,0.0,0.0,166,1
1068,12/23/24 05:30:00,10.96,88.30,9.11,0.0,0.0,161,4
1069,12/23/24 06:00:00,11.22,88.80,9.46,0.3,1.7,77,6
1070,12/23/24 06:30:00,10.93,89.40,9.27,0.3,2.0,84,28
1071,12/23/24 07:00:00,11.30,89.90,9.71,0.0,1.7,175,93
1072,12/23/24 07:30:00,11.64,90.10,10.08,0.0,1.7,263,71
1073,12/23/24 08:00:00,11.88,90.00,10.31,0.7,2.3,265,47
1074,12/23/24 08:30:00,11.78,90.50,10.29,1.3,3.3,267,42
1075,12/23/24 09:00:00,11.69,90.60,10.21,0.0,1.3,267,98
1076,12/23/24 09:30:00,12.07,91.00,10.66,1.3,3.7,229,127
1077,12/23/24 10:00:00,12.92,91.00,11.50,0.7,2.0,234,243
1078,12/23/24 10:30:00,13.35,91.10,11.95,1.7,3.0,232,88
1079,12/23/24 11:00:00,13.74,90.80,12.28,2.0,4.3,230,109
1080,12/23/24 11:30:00,13.83,91.10,12.42,2.3,4.3,241,109
1081,12/23/24 12:00:00,13.62,91.20,12.22,2.7,4.7,247,219
1082,12/23/24 12:30:00,13.71,91.30,12.34,2.3,4.7,240,128
1083,12/23/24 13:00:00,13.98,91.40,12.62,2.0,5.0,236,83
1084,12/23/24 13:30:00,13.93,91.60,12.60,2.0,4.0,233,46
1085,12/23/24 14:00:00,13.98,91.70,12.67,2.0,4.3,230,34
1086,12/23/24 14:30:00,13.83,91.90,12.56,1.3,3.0,219,3
1087,12/23/24 15:00:00,13.67,92.10,12.42,1.0,2.3,248,1
1088,12/23/24 15:30:00,13.47,92.20,12.25,0.0,0.3,256,1
1089,12/23/24 16:00:00,13.35,92.50,12.18,0.0,0.0,256,1
1090,12/23/24 16:30:00,12.92,92.80,11.80,0.0,0.0,256,1
1091,12/23/24 17:00:00,12.94,92.90,11.84,0.0,0.0,256,1
1092,12/23/24 17:30:00,12.58,93.20,11.53,0.0,0.0,256,1
1093,12/23/24 18:00:00,12.44,93.40,11.42,0.0,0.0,256,1
1094,12/23/24 18:30:00,12.39,93.40,11.37,0.3,1.7,340,1
1095,12/23/24 19:00:00,12.39,93.80,11.43,0.0,0.7,4,1
1096,12/23/24 19:30:00,11.93,94.10,11.02,0.0,1.3,4,1
1097,12/23/24 20:00:00,10.91,94.40,10.05,0.0,0.7,4,1
1098,12/23/24 20:30:00,10.61,94.40,9.76,0.3,1.3,6,1
1099,12/23/24 21:00:00,10.08,94.60,9.26,0.0,1.0,14,1
1100,12/23/24 21:30:00,9.90,94.80,9.12,0.0,0.3,14,1
1101,12/23/24 22:00:00,9.76,95.00,9.00,0.0,1.0,14,1
1102,12/23/24 22:30:00,10.05,95.30,9.34,0.0,0.7,14,1
1103,12/23/24 23:00:00,9.68,95.60,9.02,0.0,0.3,14,1
1104,12/23/24 23:30:00,9.68,95.80,9.05,0.0,0.3,14,1
1105,12/24/24 00:00:00,9.26,96.00,8.67,0.0,0.0,14,1
1106,12/24/24 00:30:00,8.94,96.10,8.36,0.0,0.7,15,1
1107,12/24/24 01:00:00,8.37,96.30,7.82,0.3,1.7,38,1
1108,12/24/24 01:30:00,8.32,96.40,7.79,0.0,0.3,49,1
1109,12/24/24 02:00:00,8.44,96.70,7.96,0.0,0.0,53,1
1110,12/24/24 02:30:00,8.05,96.90,7.59,0.0,0.0,46,1
1111,12/24/24 03:00:00,8.42,97.00,7.98,0.0,0.0,45,1
1112,12/24/24 03:30:00,8.59,97.20,8.18,0.0,0.0,38,1
1113,12/24/24 04:00:00,8.42,97.40,8.04,0.0,0.0,38,1
1114,12/24/24 04:30:00,7.92,97.50,7.56,0.0,0.0,38,1
1115,12/24/24 05:00:00,7.97,97.50,7.61,0.0,0.0,48,6
1116,12/24/24 05:30:00,8.67,97.40,8.29,0.0,0.0,37,84
1117,12/24/24 06:00:00,9.51,97.20,9.10,0.0,0.0,34,164
1118,12/24/24 06:30:00,10.79,96.80,10.31,0.0,0.0,34,241
1119,12/24/24 07:00:00,12.51,96.00,11.90,0.0,0.0,32,308
1120,12/24/24 07:30:00,15.44,95.10,14.68,0.0,0.0,32,378
1121,12/24/24 08:00:00,15.32,95.70,14.65,0.0,1.3,3,448
1122,12/24/24 08:30:00,16.11,94.10,15.18,0.3,2.3,272,483
1123,12/24/24 09:00:00,16.65,90.80,15.16,0.0,1.3,271,512
1124,12/24/24 09:30:00,16.94,85.30,14.47,1.0,3.0,267,533
1125,12/24/24 10:00:00,17.75,77.40,13.76,1.3,3.3,260,533
1126,12/24/24 10:30:00,18.34,69.80,12.75,1.3,4.0,237,552
1127,12/24/24 11:00:00,17.39,70.80,12.05,1.3,4.3,250,166
1128,12/24/24 11:30:00,18.08,71.50,12.87,1.0,3.3,251,218
1129,12/24/24 12:00:00,17.46,69.20,11.78,2.0,5.0,300,74
1130,12/24/24 12:30:00,16.99,73.90,12.32,2.0,4.7,303,153
1131,12/24/24 13:00:00,16.96,75.30,12.58,2.3,5.7,312,81
1132,12/24/24 13:30:00,16.42,78.40,12.66,2.0,5.3,326,93
1133,12/24/24 14:00:00,16.22,83.20,13.39,1.7,4.3,323,143
1134,12/24/24 14:30:00,15.56,83.70,12.83,1.3,4.0,309,23
1135,12/24/24 15:00:00,14.79,85.20,12.35,0.3,2.7,272,1
1136,12/24/24 15:30:00,14.07,87.10,11.98,0.7,3.0,254,1
1137,12/24/24 16:00:00,13.57,88.40,11.70,1.3,3.3,240,1
1138,12/24/24 16:30:00,13.23,89.50,11.56,0.3,1.7,205,1
1139,12/24/24 17:00:00,12.99,90.60,11.51,1.0,2.0,205,1
1140,12/24/24 17:30:00,12.75,91.80,11.47,1.0,3.0,223,1
1141,12/24/24 18:00:00,12.75,92.90,11.65,0.7,3.0,230,1
1142,12/24/24 18:30:00,12.36,93.80,11.41,0.7,2.7,248,1
1143,12/24/24 19:00:00,12.24,94.20,11.35,0.3,2.0,234,1
1144,12/24/24 19:30:00,11.78,94.60,10.96,0.7,3.0,236,1
1145,12/24/24 20:00:00,11.30,95.00,10.54,0.3,2.0,232,1
1146,12/24/24 20:30:00,11.30,95.40,10.60,1.0,2.0,234,1
1147,12/24/24 21:00:00,14.43,94.10,13.51,2.0,5.0,299,1
1148,12/24/24 21:30:00,14.91,89.50,13.22,2.3,6.0,309,1
1149,12/24/24 22:00:00,15.01,81.40,11.86,2.7,6.7,282,1
1150,12/24/24 22:30:00,13.55,81.20,10.40,2.0,4.0,234,1
1151,12/24/24 23:00:00,13.59,81.90,10.58,0.7,3.0,198,1
1152,12/24/24 23:30:00,14.17,80.70,10.92,1.0,2.7,230,1
1153,12/25/24 00:00:00,14.29,78.00,10.52,1.3,3.0,274,1
1154,12/25/24 00:30:00,14.86,75.50,10.59,1.0,3.7,285,1
1155,12/25/24 01:00:00,14.24,75.10,9.91,0.3,3.0,246,1
1156,12/25/24 01:30:00,15.06,73.60,10.39,1.0,3.7,232,1
1157,12/25/24 02:00:00,12.97,74.10,8.48,0.3,3.0,206,1
1158,12/25/24 02:30:00,11.95,77.70,8.19,0.0,1.7,183,1
1159,12/25/24 03:00:00,11.59,80.10,8.29,0.0,1.3,202,1
1160,12/25/24 03:30:00,11.73,81.60,8.70,0.0,1.7,216,1
1161,12/25/24 04:00:00,11.59,82.40,8.71,0.3,3.0,243,1
1162,12/25/24 04:30:00,10.88,83.10,8.14,0.3,2.7,254,1
1163,12/25/24 05:00:00,10.88,84.20,8.33,2.0,4.0,254,14
1164,12/25/24 05:30:00,10.79,84.90,8.36,1.7,3.0,257,63
1165,12/25/24 06:00:00,11.22,85.50,8.89,1.0,2.3,253,157
1166,12/25/24 06:30:00,13.35,85.30,10.95,0.7,2.0,236,234
1167,12/25/24 07:00:00,14.86,83.40,12.09,0.3,2.3,244,311
1168,12/25/24 07:30:00,16.61,80.60,13.27,1.7,3.7,246,376
1169,12/25/24 08:00:00,18.27,71.90,13.14,2.3,7.3,274,439
1170,12/25/24 08:30:00,17.65,67.60,11.60,4.0,7.7,281,111
1171,12/25/24 09:00:00,16.01,72.50,11.09,3.7,8.0,284,133
1172,12/25/24 09:30:00,14.72,77.40,10.82,2.3,6.3,326,36
1173,12/25/24 10:00:00,14.62,81.40,11.49,2.7,7.3,350,114
1174,12/25/24 10:30:00,16.46,80.90,13.19,1.3,4.0,323,99
1175,12/25/24 11:00:00,17.39,77.70,13.48,1.7,4.7,298,97
1176,12/25/24 11:30:00,17.82,71.50,12.62,2.7,6.0,289,297
1177,12/25/24 12:00:00,18.18,69.70,12.57,3.0,5.7,286,96
1178,12/25/24 12:30:00,18.41,67.40,12.28,3.3,6.7,292,374
1179,12/25/24 13:00:00,16.58,68.60,10.80,3.7,8.0,284,119
1180,12/25/24 13:30:00,16.77,71.20,11.55,3.7,8.7,274,274
1181,12/25/24 14:00:00,16.70,70.50,11.33,2.0,4.3,264,138
1182,12/25/24 14:30:00,15.44,74.50,10.94,2.3,4.7,257,6
1183,12/25/24 15:00:00,14.79,76.30,10.68,0.3,1.7,260,1
1184,12/25/24 15:30:00,15.10,77.50,11.21,0.0,2.7,257,1
1185,12/25/24 16:00:00,13.83,77.20,9.92,1.0,4.7,261,1
1186,12/25/24 16:30:00,11.86,81.30,8.77,2.7,6.3,60,1
1187,12/25/24 17:00:00,11.44,83.60,8.78,3.0,7.3,56,1
1188,12/25/24 17:30:00,11.42,83.90,8.81,3.3,7.0,56,1
1189,12/25/24 18:00:00,10.52,84.40,8.01,4.0,8.0,49,1
1190,12/25/24 18:30:00,9.95,87.20,7.93,3.0,7.3,41,1
1191,12/25/24 19:00:00,9.90,89.40,8.25,1.7,4.7,70,1
1192,12/25/24 19:30:00,10.79,88.90,9.04,2.3,8.3,42,1
1193,12/25/24 20:00:00,10.96,82.50,8.10,4.3,9.0,354,1
1194,12/25/24 20:30:00,10.27,82.40,7.42,1.7,4.0,1,1
1195,12/25/24 21:00:00,10.61,83.80,8.00,1.3,3.7,345,1
1196,12/25/24 21:30:00,10.32,84.30,7.80,0.7,2.0,344,1
1197,12/25/24 22:00:00,9.76,85.20,7.40,1.7,4.0,254,1
1198,12/25/24 22:30:00,9.51,86.30,7.35,0.7,3.0,198,1
1199,12/25/24 23:00:00,9.61,87.00,7.56,0.7,2.0,199,1
1200,12/25/24 23:30:00,9.78,87.40,7.80,0.7,2.0,212,1
1201,12/26/24 00:00:00,9.61,87.60,7.66,1.0,2.3,220,1
1202,12/26/24 00:30:00,9.41,87.90,7.52,1.0,2.0,265,1
1203,12/26/24 01:00:00,9.61,88.20,7.76,1.3,2.7,305,1
1204,12/26/24 01:30:00,8.82,88.60,7.05,1.0,2.3,313,1
1205,12/26/24 02:00:00,8.74,89.00,7.04,0.3,2.7,188,1
1206,12/26/24 02:30:00,9.06,89.60,7.46,0.0,1.3,166,1
1207,12/26/24 03:00:00,8.54,90.00,7.01,0.3,2.3,232,1
1208,12/26/24 03:30:00,8.94,90.50,7.48,0.0,1.7,126,1
1209,12/26/24 04:00:00,9.29,90.60,7.84,0.7,2.0,143,1
1210,12/26/24 04:30:00,9.88,90.80,8.46,0.3,2.0,286,1
1211,12/26/24 05:00:00,9.19,91.10,7.82,0.3,1.7,251,4
1212,12/26/24 05:30:00,9.01,91.30,7.68,0.0,0.7,251,19
1213,12/26/24 06:00:00,9.01,91.40,7.70,0.0,0.0,251,74
1214,12/26/24 06:30:00,10.32,91.30,8.98,0.0,0.0,253,151
1215,12/26/24 07:00:00,12.34,90.00,10.76,0.0,1.3,170,107
1216,12/26/24 07:30:00,12.61,90.30,11.07,0.3,2.7,227,402
1217,12/26/24 08:00:00,11.86,89.80,10.25,1.7,3.0,271,143
1218,12/26/24 08:30:00,13.64,87.90,11.69,1.7,3.3,258,444
1219,12/26/24 09:00:00,14.10,86.60,11.91,1.3,3.7,230,499
1220,12/26/24 09:30:00,15.29,83.80,12.59,1.7,3.3,232,554
1221,12/26/24 10:00:00,15.72,78.60,12.03,2.3,4.3,234,394
1222,12/26/24 10:30:00,16.25,73.10,11.44,3.0,5.7,250,527
1223,12/26/24 11:00:00,16.94,70.60,11.58,3.0,5.3,264,478
1224,12/26/24 11:30:00,16.22,67.40,10.20,2.7,5.3,260,178
1225,12/26/24 12:00:00,16.25,65.60,9.81,3.0,6.7,257,102
1226,12/26/24 12:30:00,15.96,66.00,9.63,3.3,6.7,274,129
1227,12/26/24 13:00:00,15.58,68.40,9.80,2.3,5.0,272,138
1228,12/26/24 13:30:00,14.98,70.70,9.72,2.3,5.7,279,32
1229,12/26/24 14:00:00,14.46,72.90,9.67,2.0,4.0,299,19
1230,12/26/24 14:30:00,12.92,77.20,9.04,2.3,5.7,313,2
1231,12/26/24 15:00:00,11.61,80.90,8.46,3.0,5.7,277,1
1232,12/26/24 15:30:00,11.71,83.40,9.00,1.7,4.0,288,1
1233,12/26/24 16:00:00,11.95,84.60,9.45,1.3,3.0,298,1
1234,12/26/24 16:30:00,11.66,85.60,9.34,1.3,3.3,260,1
1235,12/26/24 17:00:00,11.78,86.60,9.63,0.3,2.0,282,1
1236,12/26/24 17:30:00,11.49,87.80,9.55,0.7,1.7,152,1
1237,12/26/24 18:00:00,11.52,88.70,9.73,0.0,1.0,149,1
1238,12/26/24 18:30:00,11.56,89.10,9.84,0.3,1.3,192,1
1239,12/26/24 19:00:00,11.64,89.50,9.98,0.3,1.7,218,1
1240,12/26/24 19:30:00,11.66,89.70,10.04,0.7,2.0,263,1
1241,12/26/24 20:00:00,11.30,90.10,9.75,0.0,0.0,263,1
1242,12/26/24 20:30:00,10.83,90.40,9.34,0.3,1.7,199,1
1243,12/26/24 21:00:00,10.79,91.00,9.39,0.3,2.0,219,1
1244,12/26/24 21:30:00,10.64,91.40,9.31,0.3,1.7,293,1
1245,12/26/24 22:00:00,10.71,91.50,9.40,0.3,1.3,293,1
1246,12/26/24 22:30:00,10.83,91.80,9.57,0.3,1.3,293,1
1247,12/26/24 23:00:00,10.59,92.00,9.36,0.3,1.3,293,1
1248,12/26/24 23:30:00,10.52,92.30,9.33,0.0,0.0,293,1
1249,12/27/24 00:00:00,10.54,92.30,9.36,0.3,2.0,293,1
1250,12/27/24 00:30:00,10.64,92.30,9.45,0.3,1.7,296,1
1251,12/27/24 01:00:00,10.47,91.80,9.20,2.3,5.0,254,1
1252,12/27/24 01:30:00,10.69,91.30,9.34,1.7,4.7,309,1
1253,12/27/24 02:00:00,10.42,90.40,8.93,1.3,3.7,22,1
1254,12/27/24 02:30:00,10.96,88.60,9.16,0.7,3.0,265,1
1255,12/27/24 03:00:00,10.34,87.00,8.29,0.7,3.0,157,1
1256,12/27/24 03:30:00,10.37,86.70,8.26,1.3,3.7,331,1
1257,12/27/24 04:00:00,9.98,87.20,7.96,1.0,3.0,291,1
1258,12/27/24 04:30:00,9.53,87.70,7.61,0.3,2.7,274,1
1259,12/27/24 05:00:00,9.26,89.00,7.55,1.3,2.7,145,4
1260,12/27/24 05:30:00,9.36,89.90,7.80,0.7,2.7,111,27
1261,12/27/24 06:00:00,9.61,90.40,8.12,0.3,2.3,32,58
1262,12/27/24 06:30:00,10.15,90.60,8.69,0.7,2.7,25,82
1263,12/27/24 07:00:00,10.69,90.90,9.27,0.0,1.3,18,84
1264,12/27/24 07:30:00,10.57,90.90,9.15,0.7,2.7,18,71
1265,12/27/24 08:00:00,11.20,90.80,9.76,1.0,2.7,24,169
1266,12/27/24 08:30:00,11.90,90.40,10.40,0.3,2.0,42,174
1267,12/27/24 09:00:00,11.73,89.70,10.11,1.0,3.3,152,164
1268,12/27/24 09:30:00,11.95,88.70,10.16,2.0,4.7,257,259
1269,12/27/24 10:00:00,12.63,87.70,10.66,1.0,3.0,285,226
1270,12/27/24 10:30:00,12.82,86.60,10.66,1.3,3.0,268,331
1271,12/27/24 11:00:00,13.74,84.10,11.12,1.0,3.3,275,539
1272,12/27/24 11:30:00,14.39,80.30,11.05,1.7,4.0,270,346
1273,12/27/24 12:00:00,13.40,77.70,9.60,1.7,4.0,268,184
1274,12/27/24 12:30:00,13.45,75.40,9.20,1.0,3.0,272,133
1275,12/27/24 13:00:00,13.50,74.20,9.01,0.3,1.7,115,133
1276,12/27/24 13:30:00,13.52,72.90,8.77,0.7,2.0,268,106
1277,12/27/24 14:00:00,12.94,73.10,8.25,0.3,1.7,296,73
1278,12/27/24 14:30:00,12.49,74.20,8.03,0.0,1.3,230,8
1279,12/27/24 15:00:00,12.07,75.60,7.91,0.0,0.0,190,1
1280,12/27/24 15:30:00,11.32,77.20,7.49,0.0,0.0,190,1
1281,12/27/24 16:00:00,10.49,79.30,7.07,0.0,1.0,190,1
1282,12/27/24 16:30:00,10.57,81.40,7.52,0.0,0.0,190,1
1283,12/27/24 17:00:00,10.49,82.70,7.69,0.0,0.0,190,1
1284,12/27/24 17:30:00,10.49,83.60,7.84,0.7,2.0,18,1
1285,12/27/24 18:00:00,9.98,84.10,7.43,1.7,3.7,38,1
1286,12/27/24 18:30:00,9.36,84.60,6.91,1.0,3.3,44,1
1287,12/27/24 19:00:00,9.06,85.30,6.74,0.0,1.3,42,1
1288,12/27/24 19:30:00,8.89,85.80,6.65,0.3,2.0,45,1
1289,12/27/24 20:00:00,8.84,86.40,6.70,0.7,2.3,67,1
1290,12/27/24 20:30:00,8.97,86.70,6.88,1.3,2.7,56,1
1291,12/27/24 21:00:00,8.92,86.90,6.86,1.3,3.0,48,1
1292,12/27/24 21:30:00,8.74,86.80,6.67,1.7,3.0,42,1
1293,12/27/24 22:00:00,8.94,86.30,6.79,1.3,3.0,45,1
1294,12/27/24 22:30:00,8.34,85.80,6.11,1.0,2.7,49,1
1295,12/27/24 23:00:00,8.24,85.50,5.97,1.0,2.7,46,1
1296,12/27/24 23:30:00,8.02,85.40,5.73,1.0,2.7,41,1
1297,12/28/24 00:00:00,8.02,85.40,5.73,1.3,2.7,35,1
1298,12/28/24 00:30:00,8.34,85.30,6.03,1.3,2.3,42,1
1299,12/28/24 01:00:00,8.02,85.20,5.69,1.3,2.0,35,1
1300,12/28/24 01:30:00,7.72,85.20,5.40,1.3,2.0,42,1
1301,12/28/24 02:00:00,7.54,85.50,5.28,1.3,2.0,45,1
1302,12/28/24 02:30:00,7.39,86.00,5.21,1.0,2.0,56,1
1303,12/28/24 03:00:00,7.02,86.30,4.89,0.7,1.7,55,1
1304,12/28/24 03:30:00,7.62,86.60,5.54,1.3,2.0,28,1
1305,12/28/24 04:00:00,7.69,86.80,5.64,0.7,2.0,8,1
1306,12/28/24 04:30:00,7.09,86.80,5.05,0.7,1.7,10,1
1307,12/28/24 05:00:00,6.53,87.30,4.58,0.0,1.7,10,6
1308,12/28/24 05:30:00,6.99,87.20,5.01,0.7,2.3,49,58
1309,12/28/24 06:00:00,8.42,87.00,6.39,0.3,1.3,52,129
1310,12/28/24 06:30:00,9.19,86.70,7.10,1.0,2.0,38,99
1311,12/28/24 07:00:00,10.59,85.60,8.29,0.3,1.7,31,123
1312,12/28/24 07:30:00,11.66,84.30,9.11,0.0,0.0,29,199
1313,12/28/24 08:00:00,12.70,82.40,9.80,0.0,0.0,32,413
1314,12/28/24 08:30:00,13.91,80.80,10.68,0.3,1.3,125,467
1315,12/28/24 09:00:00,14.84,77.50,10.96,1.3,3.0,254,502
1316,12/28/24 09:30:00,15.15,73.90,10.55,2.3,4.3,270,523
1317,12/28/24 10:00:00,15.51,71.50,10.39,2.7,4.7,250,526
1318,12/28/24 10:30:00,15.94,69.10,10.30,2.7,5.0,250,512
1319,12/28/24 11:00:00,15.63,69.50,10.08,2.7,5.3,244,306
1320,12/28/24 11:30:00,16.22,68.00,10.33,2.7,5.3,247,491
1321,12/28/24 12:00:00,15.46,68.80,9.77,3.3,6.0,250,164
1322,12/28/24 12:30:00,15.34,69.30,9.77,3.0,6.3,256,119
1323,12/28/24 13:00:00,14.74,69.50,9.24,3.0,5.0,278,14
1324,12/28/24 13:30:00,13.67,73.60,9.05,2.0,4.7,241,24
1325,12/28/24 14:00:00,12.44,78.00,8.72,2.3,5.0,157,42
1326,12/28/24 14:30:00,12.29,82.60,9.43,2.7,6.0,166,18
1327,12/28/24 15:00:00,12.05,83.90,9.42,1.3,3.3,236,1
1328,12/28/24 15:30:00,11.83,84.60,9.33,1.0,2.3,281,1
1329,12/28/24 16:00:00,11.54,85.20,9.15,0.0,0.0,307,1
1330,12/28/24 16:30:00,10.54,86.30,8.36,0.3,1.7,11,1
1331,12/28/24 17:00:00,10.37,87.70,8.43,0.0,0.0,51,1
1332,12/28/24 17:30:00,10.30,88.80,8.54,0.0,0.0,51,1
1333,12/28/24 18:00:00,10.03,89.40,8.37,0.0,0.3,51,1
1334,12/28/24 18:30:00,9.78,90.00,8.23,0.0,0.0,51,1
1335,12/28/24 19:00:00,9.48,90.50,8.02,0.7,1.7,51,1
1336,12/28/24 19:30:00,9.11,90.90,7.72,0.7,2.0,49,1
1337,12/28/24 20:00:00,8.99,91.30,7.66,1.0,2.0,34,1
1338,12/28/24 20:30:00,8.82,91.60,7.53,0.7,1.7,27,1
1339,12/28/24 21:00:00,8.42,91.90,7.19,0.7,2.0,46,1
1340,12/28/24 21:30:00,8.57,92.10,7.37,1.0,2.0,20,1
1341,12/28/24 22:00:00,7.97,92.40,6.82,0.7,2.0,38,1
1342,12/28/24 22:30:00,7.72,92.60,6.60,1.0,2.3,67,1
1343,12/28/24 23:00:00,7.49,92.70,6.40,0.7,2.3,34,1
1344,12/28/24 23:30:00,7.27,92.90,6.20,0.7,2.0,32,1
1345,12/29/24 00:00:00,7.90,93.10,6.86,0.3,1.7,32,1
1346,12/29/24 00:30:00,7.59,93.00,6.54,1.0,2.3,20,1
1347,12/29/24 01:00:00,7.54,93.30,6.54,0.0,0.0,20,1
1348,12/29/24 01:30:00,6.76,93.30,5.76,0.7,1.7,63,1
1349,12/29/24 02:00:00,7.07,93.40,6.08,0.7,2.7,60,1
1350,12/29/24 02:30:00,7.09,93.40,6.10,1.0,2.7,29,1
1351,12/29/24 03:00:00,6.89,93.50,5.92,0.3,1.7,29,1
1352,12/29/24 03:30:00,6.96,93.40,5.98,0.3,2.3,24,1
1353,12/29/24 04:00:00,7.14,93.40,6.15,0.3,2.0,4,1
1354,12/29/24 04:30:00,6.99,93.40,6.00,0.3,1.7,11,1
1355,12/29/24 05:00:00,6.61,93.50,5.64,0.7,1.7,20,3
1356,12/29/24 05:30:00,6.69,93.50,5.72,0.0,1.0,28,22
1357,12/29/24 06:00:00,7.29,92.90,6.23,0.3,1.7,32,94
1358,12/29/24 06:30:00,10.00,92.30,8.82,0.0,1.7,51,328
1359,12/29/24 07:00:00,12.22,91.20,10.84,0.3,1.7,46,311
1360,12/29/24 07:30:00,11.73,91.00,10.33,0.3,1.3,15,114
1361,12/29/24 08:00:00,10.61,90.20,9.09,0.3,1.3,44,104
1362,12/29/24 08:30:00,11.52,89.50,9.86,0.0,1.3,55,142
1363,12/29/24 09:00:00,12.44,88.50,10.60,0.0,1.3,55,244
1364,12/29/24 09:30:00,12.61,87.50,10.60,0.7,2.3,55,189
1365,12/29/24 10:00:00,12.85,86.30,10.63,0.0,1.3,38,106
1366,12/29/24 10:30:00,13.57,85.00,11.11,0.0,0.0,38,206
1367,12/29/24 11:00:00,14.96,82.50,12.02,0.3,1.7,38,406
1368,12/29/24 11:30:00,15.51,76.90,11.49,0.0,1.7,31,242
1369,12/29/24 12:00:00,14.62,73.60,9.98,0.7,2.7,18,186
1370,12/29/24 12:30:00,13.83,73.00,9.09,1.3,2.7,46,58
1371,12/29/24 13:00:00,13.43,74.10,8.92,1.0,2.7,42,38
1372,12/29/24 13:30:00,13.18,75.60,8.98,0.7,2.0,58,34
1373,12/29/24 14:00:00,12.92,77.10,9.02,0.7,3.0,49,24
1374,12/29/24 14:30:00,12.68,78.40,9.03,0.3,2.0,49,6
1375,12/29/24 15:00:00,12.17,80.00,8.84,1.0,3.3,70,1
1376,12/29/24 15:30:00,11.90,80.40,8.65,2.0,5.0,114,1
1377,12/29/24 16:00:00,11.69,82.10,8.75,2.0,5.3,146,1
1378,12/29/24 16:30:00,11.61,83.10,8.85,0.3,2.3,115,1
1379,12/29/24 17:00:00,11.90,83.60,9.23,1.0,3.0,98,1
1380,12/29/24 17:30:00,12.05,83.30,9.32,0.7,3.0,105,1
1381,12/29/24 18:00:00,11.95,83.10,9.19,0.7,2.3,330,1
1382,12/29/24 18:30:00,11.83,82.90,9.03,1.3,3.7,29,1
1383,12/29/24 19:00:00,11.05,84.10,8.48,2.3,4.3,48,1
1384,12/29/24 19:30:00,10.71,86.50,8.56,2.0,4.0,53,1
1385,12/29/24 20:00:00,10.57,88.60,8.77,0.7,3.0,51,1
1386,12/29/24 20:30:00,10.42,89.90,8.84,0.0,0.0,45,1
1387,12/29/24 21:00:00,10.27,90.70,8.83,0.3,2.0,35,1
1388,12/29/24 21:30:00,9.83,91.30,8.49,0.3,1.7,35,1
1389,12/29/24 22:00:00,9.61,91.50,8.30,1.0,2.0,34,1
1390,12/29/24 22:30:00,9.41,92.00,8.19,0.0,0.0,31,1
1391,12/29/24 23:00:00,8.87,92.20,7.68,0.0,0.0,31,1
1392,12/29/24 23:30:00,8.24,92.40,7.09,0.0,1.3,32,1
1393,12/30/24 00:00:00,7.95,92.80,6.86,0.7,1.7,52,1
1394,12/30/24 00:30:00,7.62,93.10,6.58,0.3,1.3,53,1
1395,12/30/24 01:00:00,7.44,93.30,6.44,0.0,1.0,53,1
1396,12/30/24 01:30:00,7.39,93.40,6.41,0.3,1.7,39,1
1397,12/30/24 02:00:00,7.67,93.40,6.68,0.3,2.0,25,1
1398,12/30/24 02:30:00,7.47,93.50,6.50,0.0,1.3,28,1
1399,12/30/24 03:00:00,7.04,93.70,6.10,0.0,0.0,28,1
1400,12/30/24 03:30:00,7.04,93.80,6.12,0.0,1.0,28,1
1401,12/30/24 04:00:00,6.96,93.90,6.06,0.0,0.0,28,1
1402,12/30/24 04:30:00,6.31,94.00,5.42,0.3,1.7,94,1
1403,12/30/24 05:00:00,6.36,94.10,5.48,0.0,1.0,114,3
1404,12/30/24 05:30:00,7.39,93.70,6.45,0.0,1.0,114,68
1405,12/30/24 06:00:00,9.01,93.20,7.98,0.0,0.0,114,152
1406,12/30/24 06:30:00,11.81,92.40,10.63,0.0,0.7,112,224
1407,12/30/24 07:00:00,11.73,92.50,10.57,0.7,2.0,208,297
1408,12/30/24 07:30:00,12.44,91.40,11.09,1.0,2.3,272,371
1409,12/30/24 08:00:00,12.80,90.10,11.23,1.7,3.3,258,432
1410,12/30/24 08:30:00,12.36,88.60,10.55,2.0,4.0,246,91
1411,12/30/24 09:00:00,12.39,87.60,10.40,2.0,4.0,254,111
1412,12/30/24 09:30:00,12.15,87.10,10.08,2.3,4.3,248,111
1413,12/30/24 10:00:00,12.29,87.10,10.22,1.7,3.3,241,124
1414,12/30/24 10:30:00,12.51,87.50,10.50,1.3,3.3,226,118
1415,12/30/24 11:00:00,13.18,87.70,11.20,2.0,4.3,256,171
1416,12/30/24 11:30:00,13.45,86.90,11.33,1.3,3.3,288,139
1417,12/30/24 12:00:00,13.31,84.00,10.67,1.7,3.7,265,162
1418,12/30/24 12:30:00,11.22,81.30,8.15,1.7,5.3,358,38
1419,12/30/24 13:00:00,10.64,83.00,7.88,2.7,6.0,46,48
1420,12/30/24 13:30:00,10.54,84.60,8.07,2.3,4.7,48,43
1421,12/30/24 14:00:00,10.49,85.90,8.24,2.0,4.7,63,177
1422,12/30/24 14:30:00,10.44,86.90,8.37,2.0,3.7,35,41
1423,12/30/24 15:00:00,9.90,87.90,8.00,1.3,3.3,22,1
1424,12/30/24 15:30:00,9.53,88.70,7.77,2.0,4.0,28,1
1425,12/30/24 16:00:00,9.16,89.20,7.49,2.0,4.0,32,1
1426,12/30/24 16:30:00,8.97,89.70,7.37,2.0,3.7,29,1
1427,12/30/24 17:00:00,8.82,90.00,7.28,1.0,3.0,38,1
1428,12/30/24 17:30:00,8.74,90.50,7.28,0.3,2.0,195,1
1429,12/30/24 18:00:00,8.57,90.80,7.16,0.0,0.0,119,1
1430,12/30/24 18:30:00,8.62,91.00,7.24,0.0,1.0,104,1
1431,12/30/24 19:00:00,8.54,91.40,7.23,0.7,2.7,72,1
1432,12/30/24 19:30:00,7.97,91.50,6.68,1.7,3.7,45,1
1433,12/30/24 20:00:00,7.84,91.60,6.57,1.7,3.3,45,1
1434,12/30/24 20:30:00,7.49,91.70,6.24,2.0,4.3,45,1
1435,12/30/24 21:00:00,7.04,91.90,5.82,0.3,2.3,52,1
1436,12/30/24 21:30:00,7.19,91.90,5.97,1.0,2.7,55,1
1437,12/30/24 22:00:00,7.24,91.90,6.02,1.0,2.3,55,1
1438,12/30/24 22:30:00,7.39,92.10,6.20,0.7,2.3,56,1
1439,12/30/24 23:00:00,7.79,92.00,6.58,1.3,2.7,58,1
1440,12/30/24 23:30:00,7.82,92.20,6.64,1.3,2.7,38,1
1441,12/31/24 00:00:00,8.09,92.20,6.91,1.7,3.3,39,1
